age,fnlwgt,education-num,sex,capital-gain,capital-loss,hours-per-week,workclass_Non-Private,workclass_Private,marital-status_Married,marital-status_Non-Married,occupation_Managerial-Specialist,occupation_Other,relationship_Husband,relationship_Non-Husband,race_Non-White,race_White,native-country_Non-US,native-country_US
59,75867,14,1,0,0,60,0,1,1,0,1,0,1,0,0,1,0,1
38,472604,13,1,0,0,35,0,1,1,0,0,1,1,0,0,1,1,0
57,182677,13,1,4508,0,40,0,1,1,0,1,0,1,0,1,0,1,0
31,114937,13,1,0,0,35,0,1,1,0,1,0,1,0,0,1,0,1
31,137978,13,1,0,0,40,0,1,1,0,1,0,1,0,0,1,0,1
38,203717,13,1,0,0,60,0,1,1,0,0,1,1,0,0,1,0,1
43,200508,13,1,0,0,40,1,0,1,0,0,1,1,0,0,1,0,1
29,263005,14,1,0,0,45,0,1,1,0,1,0,1,0,0,1,1,0
62,234738,13,1,5013,0,50,1,0,1,0,1,0,1,0,0,1,0,1
30,200892,14,1,0,0,40,1,0,1,0,1,0,1,0,0,1,0,1
50,330142,10,1,0,0,44,0,1,1,0,0,1,1,0,0,1,0,1
44,211759,13,1,0,0,40,0,1,1,0,1,0,1,0,1,0,1,0
47,159869,16,1,0,0,50,1,0,1,0,0,1,1,0,0,1,0,1
36,175769,15,1,0,0,60,1,0,1,0,0,1,1,0,0,1,0,1
51,104748,10,1,0,0,45,0,1,1,0,1,0,1,0,0,1,0,1
35,475324,13,1,0,0,45,0,1,1,0,1,0,1,0,0,1,0,1
40,212847,10,1,0,2179,40,0,1,1,0,1,0,1,0,0,1,0,1
42,89003,13,1,0,0,50,0,1,1,0,0,1,1,0,0,1,0,1
34,66561,13,1,0,0,37,0,1,1,0,1,0,1,0,0,1,0,1
44,177851,15,1,0,0,60,1,0,1,0,1,0,1,0,0,1,0,1
37,199265,10,1,0,0,50,1,0,1,0,1,0,1,0,0,1,0,1
35,223514,13,0,0,0,40,0,1,1,0,1,0,0,1,1,0,0,1
40,29841,13,0,0,0,40,0,1,1,0,1,0,0,1,0,1,0,1
52,94448,11,1,0,0,40,0,1,1,0,1,0,1,0,0,1,0,1
39,91039,14,1,0,0,45,1,0,1,0,1,0,1,0,0,1,0,1
49,390746,13,1,0,1672,45,0,1,1,0,1,0,1,0,0,1,1,0
46,181413,12,0,0,0,40,1,0,1,0,1,0,0,1,0,1,0,1
69,199829,13,1,0,1258,40,1,0,1,0,1,0,1,0,0,1,0,1
59,193375,14,0,0,0,10,0,1,1,0,1,0,0,1,0,1,0,1
54,310774,13,1,0,0,40,1,0,1,0,0,1,1,0,0,1,0,1
45,31478,13,1,2829,0,60,1,0,1,0,0,1,1,0,0,1,0,1
44,32000,13,1,0,0,45,0,1,1,0,0,1,1,0,0,1,0,1
36,184659,10,1,0,0,52,0,1,1,0,1,0,1,0,0,1,0,1
38,360494,15,1,0,0,50,1,0,0,1,1,0,0,1,0,1,0,1
75,231741,16,1,4931,0,3,1,0,1,0,1,0,1,0,0,1,0,1
44,115932,14,1,0,0,40,1,0,1,0,1,0,1,0,0,1,0,1
55,252714,11,1,0,0,40,0,1,1,0,1,0,1,0,0,1,0,1
42,321086,14,1,0,0,50,0,1,1,0,1,0,1,0,0,1,0,1
28,142443,13,1,0,0,50,1,0,1,0,1,0,1,0,0,1,0,1
36,414683,13,1,0,0,40,0,1,1,0,1,0,1,0,1,0,0,1
62,213700,16,1,0,0,50,1,0,0,1,1,0,0,1,0,1,0,1
56,245215,16,1,0,0,50,0,1,1,0,1,0,1,0,0,1,0,1
44,186790,14,1,0,0,48,0,1,1,0,1,0,1,0,0,1,0,1
30,345122,15,1,0,0,50,0,1,1,0,1,0,1,0,0,1,0,1
40,145160,10,1,0,0,43,0,1,1,0,1,0,1,0,0,1,0,1
62,71467,14,1,0,0,40,1,0,1,0,1,0,1,0,0,1,0,1
36,116358,14,1,0,0,45,0,1,1,0,1,0,1,0,1,0,1,0
35,308489,13,1,0,0,50,0,1,1,0,0,1,1,0,1,0,0,1
33,37646,13,1,0,0,60,0,1,1,0,1,0,1,0,0,1,0,1
55,243929,14,1,0,0,60,0,1,1,0,1,0,1,0,0,1,0,1
40,45093,14,1,0,0,50,1,0,1,0,1,0,1,0,0,1,0,1
39,89508,13,1,0,0,40,0,1,1,0,0,1,1,0,0,1,0,1
50,165001,13,1,0,0,50,0,1,1,0,0,1,1,0,0,1,0,1
55,304695,15,1,0,0,55,1,0,1,0,1,0,1,0,0,1,0,1
48,182211,10,1,0,0,45,0,1,1,0,0,1,1,0,0,1,0,1
47,216999,13,1,0,0,50,0,1,1,0,1,0,1,0,0,1,0,1
38,156728,13,1,0,0,56,0,1,1,0,1,0,1,0,0,1,0,1
39,113151,13,1,0,0,55,0,1,1,0,0,1,1,0,0,1,0,1
44,282192,12,1,0,0,60,0,1,1,0,1,0,1,0,1,0,0,1
48,115585,13,1,0,0,40,0,1,1,0,0,1,1,0,0,1,0,1
45,384627,14,0,2580,0,18,1,0,1,0,1,0,0,1,0,1,0,1
66,179951,13,1,0,0,70,1,0,1,0,1,0,1,0,0,1,0,1
42,201522,13,1,0,0,60,1,0,1,0,0,1,1,0,0,1,0,1
42,47012,13,1,0,0,40,0,1,1,0,0,1,1,0,0,1,0,1
31,190401,14,1,0,0,40,1,0,1,0,1,0,1,0,0,1,0,1
38,199346,10,0,0,0,45,1,0,1,0,1,0,0,1,0,1,0,1
40,301007,13,1,0,0,60,1,0,1,0,1,0,1,0,0,1,0,1
53,166386,13,0,0,0,40,0,1,1,0,1,0,0,1,1,0,1,0
36,84306,13,1,5013,0,50,0,1,1,0,1,0,1,0,0,1,0,1
35,215323,13,1,0,0,40,0,1,1,0,0,1,1,0,0,1,0,1
53,260106,15,0,0,0,50,1,0,0,1,1,0,0,1,0,1,0,1
50,158284,10,1,0,0,40,0,1,1,0,1,0,1,0,0,1,0,1
31,187689,13,1,0,0,40,1,0,1,0,1,0,1,0,0,1,0,1
46,245724,13,1,3818,0,44,0,1,1,0,1,0,1,0,0,1,0,1
41,98823,13,1,0,0,50,1,0,1,0,1,0,1,0,0,1,0,1
58,294313,10,0,0,0,55,1,0,1,0,1,0,0,1,1,0,0,1
55,141877,13,1,0,0,40,0,1,1,0,1,0,1,0,0,1,0,1
42,194636,13,1,0,0,40,0,1,1,0,1,0,1,0,0,1,0,1
47,287480,14,1,0,0,40,1,0,1,0,1,0,1,0,0,1,0,1
51,169719,10,1,0,0,38,0,1,1,0,1,0,1,0,0,1,0,1
47,134671,10,1,0,0,40,1,0,1,0,1,0,1,0,0,1,0,1
36,170842,14,1,0,0,35,0,1,1,0,1,0,1,0,0,1,0,1
65,99359,15,1,1086,0,60,1,0,0,1,1,0,0,1,0,1,0,1
32,199227,13,1,0,0,55,1,0,1,0,1,0,1,0,0,1,0,1
43,405601,10,1,0,0,60,1,0,1,0,1,0,1,0,0,1,0,1
41,73199,13,1,0,0,40,1,0,1,0,1,0,1,0,1,0,0,1
42,116493,13,1,0,0,52,1,0,1,0,0,1,1,0,0,1,0,1
67,105252,10,1,7978,0,35,0,1,0,1,1,0,0,1,0,1,0,1
44,56651,13,1,0,0,52,1,0,1,0,1,0,1,0,0,1,0,1
57,158077,13,0,0,0,40,0,1,1,0,0,1,0,1,0,1,0,1
36,233955,13,1,0,0,40,1,0,1,0,1,0,1,0,1,0,0,1
58,238438,10,1,0,0,42,0,1,1,0,1,0,1,0,0,1,0,1
50,95949,13,1,0,0,50,1,0,1,0,0,1,1,0,0,1,0,1
39,327164,14,1,0,0,45,1,0,1,0,1,0,1,0,0,1,0,1
39,372130,14,1,5013,0,56,1,0,1,0,1,0,1,0,1,0,0,1
48,227714,13,1,0,0,60,0,1,1,0,0,1,1,0,0,1,0,1
49,242987,13,1,0,0,40,0,1,1,0,1,0,1,0,0,1,1,0
40,101593,13,1,0,0,50,0,1,1,0,1,0,1,0,0,1,0,1
46,27802,11,1,0,0,40,0,1,1,0,1,0,1,0,0,1,0,1
42,201495,13,1,0,0,40,0,1,1,0,1,0,1,0,0,1,0,1
31,337505,15,1,0,0,40,0,1,1,0,1,0,1,0,1,0,1,0
42,268183,13,1,0,1485,60,0,1,1,0,1,0,1,0,0,1,0,1
43,243380,10,1,0,0,40,0,1,1,0,1,0,1,0,0,1,0,1
40,218653,10,1,0,0,40,0,1,1,0,1,0,1,0,0,1,0,1
52,289804,13,1,0,0,40,1,0,1,0,1,0,1,0,1,0,0,1
59,91384,13,1,0,0,40,0,1,1,0,1,0,1,0,0,1,0,1
60,141580,14,1,0,0,40,0,1,1,0,0,1,1,0,0,1,0,1
46,93557,10,1,0,0,40,0,1,1,0,1,0,1,0,0,1,0,1
45,191098,13,1,0,0,40,0,1,1,0,1,0,1,0,1,0,1,0
42,340148,10,0,0,0,40,1,0,1,0,1,0,0,1,0,1,0,1
42,98061,11,1,0,0,50,1,0,1,0,1,0,1,0,0,1,0,1
44,107584,14,1,3908,0,50,0,1,1,0,1,0,1,0,0,1,0,1
56,134286,10,1,0,0,45,0,1,1,0,1,0,1,0,0,1,0,1
45,120724,14,1,4386,0,40,0,1,1,0,1,0,1,0,0,1,0,1
63,170529,13,0,0,0,45,0,1,1,0,0,1,0,1,1,0,0,1
53,385183,10,1,0,0,60,1,0,1,0,0,1,1,0,0,1,0,1
38,187983,15,0,0,0,40,0,1,1,0,0,1,0,1,0,1,0,1
45,40666,13,1,0,0,40,0,1,1,0,1,0,1,0,0,1,1,0
30,34574,14,1,0,0,50,0,1,1,0,1,0,1,0,0,1,0,1
34,377850,10,1,0,0,50,0,1,1,0,1,0,1,0,0,1,0,1
47,243631,13,1,0,0,40,1,0,1,0,1,0,1,0,1,0,1,0
40,193385,15,0,0,0,40,0,1,1,0,1,0,0,1,1,0,1,0
28,51461,14,1,0,0,60,0,1,1,0,1,0,1,0,0,1,0,1
33,117186,13,1,0,0,45,0,1,1,0,1,0,1,0,0,1,0,1
43,89636,13,0,0,0,60,1,0,1,0,0,1,0,1,1,0,1,0
49,23776,10,1,0,0,40,0,1,1,0,1,0,1,0,0,1,0,1
53,549341,13,1,0,0,35,1,0,1,0,1,0,1,0,1,0,0,1
42,90693,13,1,0,0,70,1,0,1,0,1,0,1,0,0,1,0,1
42,154374,13,1,0,0,58,0,1,1,0,0,1,1,0,0,1,0,1
41,120277,13,1,0,0,40,1,0,1,0,1,0,1,0,0,1,1,0
50,221495,13,1,0,0,40,0,1,1,0,0,1,1,0,0,1,0,1
37,254202,13,1,0,0,50,0,1,1,0,0,1,1,0,0,1,0,1
68,535762,10,1,0,1844,10,0,1,1,0,1,0,1,0,0,1,0,1
61,232719,14,1,0,0,50,0,1,1,0,1,0,1,0,0,1,0,1
31,238002,13,1,0,0,55,0,1,1,0,0,1,1,0,0,1,1,0
35,31023,13,1,0,0,45,0,1,1,0,0,1,1,0,0,1,0,1
36,153205,13,1,0,0,45,0,1,1,0,1,0,1,0,1,0,1,0
37,282461,10,1,0,0,60,1,0,1,0,1,0,1,0,0,1,0,1
49,175622,14,1,0,0,40,0,1,1,0,1,0,1,0,0,1,0,1
55,103948,11,1,0,0,60,1,0,1,0,1,0,1,0,0,1,0,1
38,297767,14,1,0,0,40,0,1,1,0,1,0,1,0,1,0,0,1
54,96062,13,1,0,0,40,0,1,1,0,1,0,1,0,0,1,0,1
64,211222,13,1,0,0,40,1,0,1,0,1,0,1,0,0,1,0,1
35,233533,13,1,0,0,42,0,1,1,0,0,1,1,0,0,1,0,1
60,165792,14,0,0,0,8,1,0,1,0,1,0,0,1,0,1,0,1
33,79580,13,1,0,0,40,1,0,1,0,1,0,1,0,1,0,0,1
28,141350,13,1,0,0,45,0,1,1,0,1,0,1,0,0,1,0,1
52,172962,13,1,0,0,40,0,1,1,0,1,0,1,0,0,1,0,1
42,220647,13,1,0,0,45,1,0,1,0,0,1,1,0,0,1,0,1
32,45604,13,1,0,0,70,1,0,1,0,0,1,1,0,0,1,0,1
44,175943,13,0,0,0,20,0,1,1,0,1,0,0,1,0,1,0,1
42,185764,10,1,0,0,60,0,1,1,0,1,0,1,0,0,1,0,1
46,192835,10,1,0,0,48,0,1,1,0,0,1,1,0,0,1,0,1
29,127892,13,1,0,0,45,0,1,1,0,0,1,1,0,0,1,0,1
55,173422,10,1,0,0,40,0,1,1,0,1,0,1,0,0,1,0,1
55,136819,13,1,0,0,40,0,1,1,0,1,0,1,0,0,1,0,1
59,333270,14,0,0,0,35,0,1,1,0,0,1,0,1,1,0,1,0
30,100734,13,0,0,0,38,0,1,1,0,1,0,0,1,0,1,0,1
28,328949,15,1,0,0,60,0,1,1,0,1,0,1,0,0,1,0,1
38,278403,13,1,0,0,48,0,1,1,0,1,0,1,0,0,1,0,1
33,144064,13,1,0,0,50,0,1,1,0,1,0,1,0,0,1,0,1
36,167440,10,1,0,0,44,0,1,1,0,1,0,1,0,0,1,0,1
35,282951,13,1,0,0,70,0,1,1,0,1,0,1,0,0,1,0,1
56,147653,10,0,0,0,50,0,1,1,0,1,0,0,1,0,1,0,1
42,204033,13,0,0,0,35,1,0,1,0,1,0,0,1,0,1,0,1
32,176998,13,1,0,0,40,0,1,1,0,1,0,1,0,0,1,0,1
42,173938,13,1,0,0,40,0,1,1,0,0,1,1,0,0,1,1,0
33,192256,13,1,0,0,50,1,0,1,0,0,1,1,0,0,1,0,1
50,38795,13,1,0,0,50,0,1,1,0,1,0,1,0,0,1,0,1
44,56651,12,1,0,0,42,0,1,1,0,1,0,1,0,0,1,0,1
35,174597,13,1,0,0,40,0,1,1,0,0,1,1,0,0,1,0,1
46,102388,12,1,0,0,60,1,0,1,0,1,0,1,0,0,1,0,1
39,53926,13,1,0,0,40,0,1,1,0,1,0,1,0,0,1,0,1
40,243580,13,1,0,0,48,1,0,1,0,1,0,1,0,0,1,0,1
45,168038,13,1,0,0,32,0,1,1,0,1,0,1,0,0,1,0,1
48,148549,12,1,0,0,50,0,1,1,0,1,0,1,0,0,1,0,1
48,248059,13,1,5013,0,45,0,1,1,0,1,0,1,0,0,1,0,1
34,80058,15,1,0,0,50,0,1,0,1,1,0,0,1,0,1,0,1
38,200352,13,1,0,0,50,0,1,1,0,1,0,1,0,0,1,0,1
32,235109,13,0,0,0,40,1,0,1,0,1,0,0,1,0,1,0,1
54,197184,13,1,0,0,38,1,0,1,0,1,0,1,0,0,1,0,1
43,154785,13,0,0,0,80,1,0,1,0,1,0,0,1,1,0,1,0
55,255364,10,1,0,0,40,0,1,1,0,1,0,1,0,0,1,0,1
61,176671,14,0,0,0,30,1,0,1,0,1,0,0,1,0,1,0,1
45,120121,13,1,0,0,50,0,1,1,0,0,1,1,0,0,1,0,1
42,206066,14,1,0,0,65,1,0,1,0,1,0,1,0,0,1,0,1
47,269620,10,1,0,0,40,0,1,1,0,1,0,1,0,0,1,0,1
51,199688,10,1,0,0,45,0,1,1,0,1,0,1,0,0,1,0,1
44,101593,13,1,0,0,60,0,1,1,0,0,1,1,0,0,1,0,1
37,143368,16,1,0,0,60,1,0,1,0,1,0,1,0,0,1,0,1
39,119421,13,0,0,0,42,1,0,1,0,1,0,0,1,0,1,0,1
42,294431,14,1,0,0,40,1,0,1,0,1,0,1,0,0,1,0,1
37,38948,13,1,0,0,40,1,0,1,0,1,0,1,0,0,1,0,1
44,164678,14,0,0,0,45,0,1,1,0,1,0,0,1,0,1,0,1
33,250804,13,1,0,0,50,0,1,1,0,1,0,1,0,0,1,1,0
51,78631,10,1,0,0,60,1,0,1,0,1,0,1,0,1,0,0,1
57,31532,13,1,0,0,40,0,1,1,0,0,1,1,0,0,1,0,1
43,195212,13,0,0,0,40,0,1,1,0,1,0,0,1,1,0,0,1
67,40021,16,1,0,0,40,0,1,1,0,1,0,1,0,0,1,0,1
33,175502,13,1,0,0,60,1,0,1,0,1,0,1,0,0,1,0,1
52,230095,10,0,0,0,40,1,0,1,0,1,0,0,1,0,1,0,1
38,152621,13,1,0,0,99,1,0,1,0,0,1,1,0,0,1,0,1
40,156526,13,1,0,0,40,0,1,1,0,1,0,1,0,0,1,0,1
47,192776,13,1,0,0,50,0,1,1,0,1,0,1,0,0,1,0,1
47,148549,13,1,0,0,50,0,1,1,0,1,0,1,0,0,1,0,1
41,146659,13,1,0,0,70,0,1,1,0,1,0,1,0,0,1,0,1
36,74791,13,1,0,0,60,0,1,1,0,0,1,0,1,0,1,0,1
48,233802,14,1,0,0,45,0,1,1,0,1,0,1,0,1,0,0,1
48,107231,13,1,0,0,40,0,1,1,0,1,0,1,0,0,1,0,1
39,82540,10,1,0,0,60,0,1,1,0,1,0,1,0,0,1,0,1
32,140092,13,1,0,0,55,0,1,1,0,1,0,1,0,0,1,0,1
34,30673,14,1,0,0,55,0,1,1,0,1,0,1,0,0,1,0,1
43,188436,14,1,5013,0,45,1,0,1,0,1,0,1,0,0,1,0,1
33,96245,12,1,0,0,50,0,1,1,0,1,0,1,0,0,1,0,1
50,104849,15,1,0,0,40,1,0,1,0,1,0,1,0,1,0,1,0
47,149366,13,1,0,0,40,0,1,1,0,1,0,1,0,0,1,1,0
46,343579,13,1,0,0,77,0,1,1,0,0,1,1,0,0,1,0,1
41,205153,11,1,0,0,40,0,1,1,0,1,0,1,0,0,1,0,1
54,94055,13,1,0,0,40,0,1,1,0,0,1,1,0,0,1,0,1
41,111232,10,1,0,0,50,1,0,1,0,1,0,1,0,0,1,0,1
43,95634,13,0,0,0,45,0,1,1,0,0,1,0,1,1,0,0,1
52,111722,10,0,0,0,72,1,0,1,0,1,0,0,1,0,1,0,1
62,181014,13,1,0,0,40,0,1,1,0,0,1,1,0,0,1,0,1
31,298871,16,1,0,0,40,0,1,1,0,1,0,1,0,1,0,1,0
53,135643,13,0,0,0,50,1,0,1,0,1,0,0,1,1,0,1,0
42,326083,11,1,0,0,40,1,0,1,0,1,0,1,0,0,1,0,1
38,498411,10,0,0,0,40,1,0,1,0,1,0,0,1,0,1,0,1
50,99316,11,1,0,0,40,0,1,1,0,1,0,1,0,0,1,0,1
46,168796,13,1,0,0,55,1,0,1,0,0,1,1,0,0,1,0,1
55,133201,14,1,0,0,50,1,0,1,0,1,0,1,0,0,1,0,1
44,210525,13,1,0,0,40,0,1,1,0,0,1,1,0,0,1,0,1
38,176101,13,1,0,0,40,0,1,1,0,1,0,1,0,0,1,0,1
66,97847,13,1,0,0,50,1,0,1,0,0,1,1,0,0,1,0,1
53,88506,13,1,0,0,40,1,0,1,0,1,0,1,0,0,1,0,1
59,69884,15,1,0,0,50,0,1,0,1,1,0,0,1,0,1,0,1
49,165229,11,1,0,0,40,1,0,1,0,1,0,1,0,0,1,0,1
44,127592,13,1,0,0,40,0,1,1,0,0,1,1,0,0,1,0,1
38,181721,13,1,0,0,40,1,0,1,0,1,0,1,0,1,0,0,1
43,33126,10,1,0,0,50,0,1,1,0,1,0,1,0,0,1,0,1
57,149168,10,1,0,0,55,1,0,1,0,1,0,1,0,0,1,0,1
52,51048,13,1,0,0,55,1,0,1,0,0,1,1,0,0,1,0,1
42,204817,13,1,0,0,35,0,1,1,0,0,1,1,0,1,0,0,1
38,22494,10,0,7443,0,40,0,1,0,1,1,0,0,1,0,1,0,1
40,32627,14,1,0,0,60,0,1,1,0,1,0,1,0,0,1,0,1
53,117847,12,1,0,0,40,1,0,1,0,1,0,1,0,0,1,0,1
70,379819,10,1,10566,0,40,1,0,1,0,0,1,1,0,0,1,0,1
42,328581,14,1,0,0,55,1,0,1,0,1,0,1,0,0,1,0,1
39,139057,15,1,0,0,38,0,1,1,0,1,0,1,0,1,0,1,0
41,110562,13,1,0,0,40,0,1,1,0,1,0,1,0,0,1,0,1
32,195447,13,1,0,0,45,1,0,1,0,0,1,1,0,0,1,0,1
49,189792,14,1,0,0,60,0,1,1,0,1,0,1,0,0,1,0,1
41,173682,14,1,0,0,40,0,1,1,0,1,0,1,0,0,1,0,1
63,52750,13,1,0,0,40,1,0,1,0,0,1,1,0,0,1,0,1
34,84154,13,1,0,0,50,0,1,1,0,0,1,1,0,0,1,0,1
50,302372,13,1,0,0,40,0,1,1,0,1,0,1,0,0,1,0,1
38,180342,13,1,0,0,40,0,1,1,0,1,0,1,0,0,1,0,1
36,290560,10,1,0,0,45,0,1,1,0,1,0,1,0,0,1,0,1
53,103586,13,1,0,0,55,0,1,1,0,0,1,1,0,0,1,0,1
59,186308,14,1,0,0,50,1,0,1,0,1,0,1,0,0,1,0,1
37,193855,9,1,0,1902,50,0,1,1,0,0,1,1,0,0,1,0,1
56,265518,10,1,0,0,45,0,1,1,0,1,0,1,0,0,1,0,1
49,164200,10,1,0,0,40,0,1,1,0,1,0,1,0,0,1,0,1
59,178660,12,1,0,0,40,1,0,1,0,1,0,1,0,0,1,0,1
34,212064,9,0,7443,0,35,0,1,0,1,1,0,0,1,0,1,0,1
31,34572,13,1,0,0,55,0,1,1,0,0,1,1,0,0,1,0,1
58,110517,16,1,4064,0,40,1,0,1,0,1,0,1,0,1,0,1,0
32,168387,14,1,0,0,50,1,0,1,0,1,0,1,0,0,1,0,1
52,392502,13,1,0,0,60,1,0,1,0,1,0,1,0,0,1,0,1
36,187983,13,0,0,0,40,0,1,1,0,1,0,0,1,0,1,0,1
51,207449,13,1,0,0,55,0,1,1,0,1,0,1,0,0,1,0,1
29,95471,13,1,0,0,55,1,0,1,0,1,0,1,0,0,1,0,1
40,421837,10,1,0,0,40,0,1,1,0,1,0,1,0,0,1,0,1
40,104892,13,1,0,0,40,0,1,1,0,0,1,1,0,0,1,0,1
22,32950,10,1,0,1902,37,1,0,1,0,0,1,1,0,0,1,0,1
45,199058,13,1,0,0,48,0,1,1,0,1,0,1,0,0,1,0,1
29,289991,14,1,0,0,50,1,0,1,0,1,0,1,0,0,1,0,1
45,249935,13,1,0,0,60,0,1,1,0,0,1,1,0,0,1,0,1
43,220647,13,1,0,2377,50,1,0,1,0,0,1,1,0,0,1,0,1
61,32423,9,0,22040,0,40,1,0,1,0,0,1,0,1,0,1,0,1
48,265477,12,1,0,0,40,1,0,1,0,1,0,1,0,0,1,0,1
37,48779,13,1,0,0,40,1,0,1,0,1,0,1,0,0,1,0,1
64,195366,13,1,0,0,40,1,0,1,0,1,0,1,0,0,1,0,1
40,110622,15,0,0,0,40,0,1,1,0,1,0,0,1,1,0,1,0
59,182062,13,1,5013,0,40,0,1,1,0,1,0,1,0,0,1,0,1
45,192053,13,1,0,0,50,0,1,1,0,0,1,1,0,0,1,0,1
46,123598,13,1,0,0,40,0,1,1,0,0,1,1,0,0,1,0,1
36,34173,13,0,0,0,20,0,1,1,0,1,0,0,1,0,1,0,1
30,127875,13,0,0,0,40,0,1,1,0,1,0,0,1,0,1,0,1
31,356689,13,1,0,0,40,1,0,1,0,1,0,1,0,0,1,0,1
50,219420,16,1,0,0,64,1,0,0,1,0,1,0,1,0,1,0,1
63,83043,13,1,0,2179,45,1,0,1,0,0,1,1,0,0,1,0,1
45,338105,13,1,0,0,40,0,1,1,0,1,0,1,0,1,0,1,0
41,106982,13,0,0,0,52,1,0,1,0,1,0,0,1,0,1,0,1
41,253060,15,1,0,0,50,0,1,1,0,0,1,1,0,0,1,0,1
43,171754,12,0,0,0,40,0,1,1,0,1,0,0,1,1,0,0,1
57,73051,13,1,0,0,40,0,1,1,0,1,0,1,0,0,1,0,1
50,197189,14,1,0,0,60,0,1,1,0,0,1,1,0,0,1,0,1
31,43953,13,0,0,0,35,0,1,1,0,1,0,0,1,0,1,0,1
62,190873,13,0,0,0,40,0,1,1,0,0,1,0,1,0,1,0,1
47,194590,13,1,0,0,44,1,0,1,0,0,1,1,0,0,1,0,1
40,150533,13,1,0,0,40,1,0,1,0,1,0,0,1,0,1,0,1
28,204074,14,1,0,0,48,0,1,1,0,1,0,1,0,0,1,0,1
54,128378,14,1,0,0,40,1,0,1,0,1,0,1,0,0,1,0,1
44,98211,13,1,0,0,55,0,1,1,0,0,1,1,0,0,1,0,1
39,342448,13,1,0,0,45,0,1,1,0,1,0,1,0,0,1,0,1
40,136244,10,0,0,0,40,0,1,1,0,1,0,0,1,0,1,0,1
33,206609,13,1,0,0,45,0,1,1,0,1,0,1,0,0,1,0,1
54,386773,10,1,0,0,60,1,0,1,0,1,0,1,0,0,1,0,1
39,190023,13,1,0,0,60,1,0,1,0,0,1,1,0,0,1,0,1
47,255934,10,1,0,0,80,1,0,1,0,1,0,1,0,0,1,0,1
38,140583,14,1,0,0,70,1,0,1,0,0,1,1,0,0,1,0,1
67,345236,13,1,0,0,55,1,0,1,0,1,0,1,0,0,1,0,1
47,209460,10,1,0,1485,47,0,1,1,0,0,1,1,0,0,1,0,1
56,170287,13,1,0,0,40,1,0,1,0,1,0,1,0,0,1,0,1
62,173601,13,1,0,0,40,0,1,1,0,1,0,1,0,0,1,0,1
43,247752,14,1,0,0,60,1,0,1,0,0,1,1,0,0,1,0,1
50,140516,13,1,0,0,40,1,0,1,0,1,0,1,0,0,1,0,1
45,127948,13,1,0,0,40,1,0,1,0,1,0,1,0,0,1,0,1
39,352248,12,1,0,0,40,0,1,1,0,1,0,1,0,0,1,0,1
31,167319,13,1,0,0,40,0,1,1,0,1,0,1,0,0,1,0,1
46,394860,13,1,0,0,38,1,0,1,0,1,0,1,0,0,1,0,1
45,178341,14,1,0,0,50,0,1,1,0,1,0,1,0,0,1,0,1
31,162572,13,1,0,0,40,0,1,1,0,1,0,1,0,0,1,0,1
60,230165,13,1,0,0,40,0,1,1,0,0,1,1,0,1,0,0,1
41,195096,13,1,0,0,50,1,0,1,0,1,0,1,0,0,1,0,1
44,202692,14,1,0,0,40,1,0,1,0,1,0,1,0,0,1,0,1
28,294936,13,1,0,0,45,0,1,1,0,1,0,1,0,0,1,0,1
34,245378,13,1,0,0,45,0,1,1,0,1,0,1,0,0,1,0,1
38,227154,13,1,0,0,40,1,0,1,0,0,1,1,0,1,0,1,0
43,190020,15,1,0,0,60,1,0,1,0,1,0,1,0,0,1,0,1
38,320451,14,1,0,0,40,0,1,1,0,1,0,1,0,1,0,0,1
31,178615,13,1,0,0,40,0,1,1,0,1,0,1,0,0,1,0,1
42,125280,13,1,3137,0,40,0,1,1,0,1,0,1,0,0,1,0,1
32,31740,14,1,0,0,40,0,1,1,0,1,0,1,0,1,0,1,0
52,63004,14,1,0,0,40,1,0,1,0,1,0,1,0,1,0,1,0
54,194580,11,1,0,0,50,0,1,1,0,0,1,1,0,0,1,0,1
35,292185,13,1,0,0,40,0,1,1,0,1,0,1,0,0,1,0,1
39,401832,10,1,0,0,48,0,1,1,0,1,0,1,0,0,1,0,1
36,269722,14,1,0,0,40,0,1,1,0,0,1,1,0,0,1,0,1
31,129775,13,1,0,0,65,0,1,1,0,0,1,1,0,0,1,0,1
46,187505,14,1,0,0,40,1,0,1,0,1,0,1,0,0,1,0,1
47,48195,13,1,0,0,72,1,0,1,0,1,0,1,0,0,1,0,1
39,357118,13,0,0,1974,40,0,1,0,1,1,0,0,1,0,1,0,1
41,110556,14,0,0,0,40,1,0,1,0,1,0,0,1,1,0,0,1
32,253354,14,1,0,0,50,1,0,1,0,1,0,1,0,0,1,0,1
35,334291,13,1,0,0,45,0,1,1,0,1,0,1,0,0,1,0,1
41,32185,13,1,0,0,40,1,0,1,0,0,1,1,0,0,1,0,1
46,256014,11,1,0,0,60,1,0,1,0,1,0,1,0,0,1,0,1
48,250733,10,1,0,0,50,0,1,1,0,0,1,1,0,0,1,0,1
56,105363,13,1,4508,0,40,0,1,1,0,1,0,1,0,0,1,0,1
48,67725,13,1,0,0,45,0,1,1,0,0,1,1,0,0,1,0,1
44,202466,10,0,0,0,60,0,1,1,0,1,0,0,1,0,1,0,1
41,173651,12,1,0,0,99,0,1,1,0,1,0,1,0,0,1,0,1
39,280570,13,1,0,0,45,0,1,1,0,1,0,1,0,0,1,0,1
41,106900,13,1,0,0,38,0,1,1,0,0,1,1,0,0,1,0,1
48,94342,13,1,0,0,55,0,1,1,0,0,1,1,0,0,1,0,1
46,325372,10,1,0,0,40,0,1,1,0,1,0,1,0,0,1,0,1
59,151616,14,1,0,0,55,0,1,1,0,1,0,1,0,0,1,0,1
41,192107,13,1,0,0,40,0,1,1,0,0,1,1,0,0,1,0,1
35,226789,14,1,0,0,75,1,0,1,0,1,0,1,0,0,1,0,1
73,105886,13,1,1173,0,75,0,1,1,0,1,0,1,0,0,1,0,1
48,27802,14,1,0,1876,50,1,0,0,1,1,0,0,1,0,1,0,1
36,294672,13,0,0,0,40,1,0,1,0,1,0,0,1,0,1,0,1
54,239256,10,1,0,0,40,1,0,1,0,1,0,1,0,0,1,0,1
33,201988,14,1,0,0,45,0,1,1,0,1,0,1,0,0,1,0,1
35,182189,14,1,0,0,50,0,1,1,0,1,0,1,0,0,1,0,1
33,236379,13,1,0,0,45,0,1,1,0,0,1,1,0,0,1,0,1
54,106728,13,1,0,0,40,0,1,1,0,0,1,1,0,0,1,0,1
54,196328,13,1,0,0,40,1,0,1,0,0,1,1,0,1,0,1,0
40,33474,14,1,0,0,60,1,0,1,0,0,1,1,0,0,1,0,1
62,113234,14,0,0,0,40,0,1,1,0,1,0,0,1,0,1,0,1
67,227113,14,1,0,2457,40,0,1,1,0,1,0,1,0,0,1,0,1
52,295826,14,0,0,1876,50,1,0,0,1,1,0,0,1,0,1,0,1
36,224886,13,1,2407,0,40,1,0,1,0,1,0,1,0,0,1,0,1
36,82488,13,0,0,0,40,0,1,1,0,1,0,0,1,1,0,1,0
54,319697,10,0,0,0,40,0,1,1,0,1,0,0,1,0,1,0,1
29,162257,13,1,0,0,40,0,1,1,0,1,0,1,0,0,1,0,1
38,617898,13,1,0,0,50,0,1,1,0,0,1,1,0,0,1,0,1
47,182313,14,1,0,0,50,1,0,1,0,1,0,1,0,0,1,0,1
55,170166,13,0,0,0,25,1,0,1,0,1,0,0,1,0,1,0,1
34,213226,13,1,0,1485,35,1,0,1,0,1,0,1,0,0,1,0,1
70,118902,13,1,0,0,40,0,1,1,0,1,0,1,0,0,1,1,0
29,194940,13,1,0,0,40,0,1,1,0,1,0,1,0,0,1,0,1
40,141245,13,0,0,0,40,0,1,1,0,0,1,0,1,0,1,1,0
44,82601,13,1,0,0,40,0,1,1,0,0,1,1,0,0,1,0,1
53,59840,10,1,0,0,60,1,0,1,0,1,0,1,0,0,1,0,1
59,284834,13,0,2885,0,30,0,1,1,0,1,0,0,1,0,1,0,1
34,191342,13,1,0,0,38,1,0,1,0,1,0,1,0,1,0,0,1
43,388849,12,1,0,0,60,0,1,1,0,0,1,1,0,0,1,0,1
44,264016,13,0,0,0,40,1,0,1,0,1,0,0,1,1,0,0,1
46,330416,10,1,0,0,40,0,1,1,0,1,0,1,0,0,1,0,1
40,170108,14,1,0,0,40,0,1,1,0,1,0,1,0,0,1,0,1
63,188976,13,1,0,0,40,0,1,1,0,1,0,1,0,0,1,0,1
39,286026,13,1,0,0,52,0,1,1,0,0,1,1,0,0,1,0,1
38,103408,14,1,0,0,40,0,1,1,0,1,0,1,0,1,0,0,1
63,221072,13,1,0,0,49,0,1,1,0,0,1,1,0,0,1,0,1
43,152420,10,1,0,0,50,0,1,1,0,1,0,1,0,1,0,0,1
43,153160,10,0,0,0,40,0,1,1,0,1,0,0,1,0,1,0,1
55,141122,13,1,0,0,50,1,0,1,0,1,0,1,0,0,1,0,1
46,113390,14,1,0,1740,60,0,1,1,0,1,0,1,0,0,1,0,1
44,190020,13,1,0,0,50,1,0,1,0,1,0,1,0,0,1,0,1
34,213307,9,0,7443,0,35,0,1,0,1,0,1,0,1,0,1,0,1
32,232475,13,1,0,0,50,1,0,1,0,1,0,1,0,0,1,0,1
54,113649,10,1,0,0,40,1,0,1,0,1,0,1,0,0,1,0,1
41,341638,12,1,0,0,92,1,0,1,0,0,1,1,0,0,1,0,1
43,161226,13,1,0,0,40,0,1,1,0,1,0,1,0,1,0,0,1
44,456236,14,1,0,0,40,0,1,1,0,1,0,1,0,0,1,0,1
64,232787,13,1,0,0,40,0,1,1,0,1,0,1,0,0,1,0,1
39,206253,13,0,0,0,40,1,0,1,0,1,0,0,1,0,1,0,1
28,214702,13,1,0,0,60,0,1,1,0,1,0,1,0,0,1,0,1
30,262092,13,1,0,0,55,0,1,1,0,0,1,1,0,0,1,0,1
46,35969,13,1,0,0,51,0,1,1,0,1,0,1,0,0,1,0,1
37,31670,13,1,0,0,40,1,0,1,0,1,0,1,0,0,1,0,1
42,262425,10,1,0,0,50,0,1,1,0,1,0,1,0,0,1,0,1
38,177305,13,1,0,0,38,1,0,1,0,1,0,1,0,0,1,0,1
58,218281,13,1,0,0,40,0,1,1,0,1,0,1,0,0,1,1,0
37,160920,12,1,0,0,40,0,1,1,0,1,0,1,0,0,1,0,1
64,144391,14,1,0,0,40,1,0,1,0,0,1,1,0,0,1,0,1
47,197038,13,1,0,0,50,1,0,1,0,1,0,1,0,0,1,0,1
41,325159,13,1,0,0,50,0,1,1,0,1,0,1,0,0,1,0,1
43,145762,13,1,0,0,40,0,1,1,0,1,0,1,0,0,1,0,1
33,156383,13,0,0,0,40,0,1,1,0,1,0,0,1,0,1,0,1
39,290321,11,1,0,0,50,1,0,1,0,1,0,1,0,0,1,0,1
37,123104,16,1,0,0,40,0,1,1,0,1,0,1,0,0,1,0,1
32,186784,13,0,5013,0,45,1,0,1,0,1,0,0,1,0,1,0,1
47,201127,10,1,0,0,50,0,1,1,0,0,1,1,0,0,1,0,1
50,138022,10,1,0,0,40,0,1,1,0,1,0,1,0,0,1,0,1
44,106900,13,1,0,0,60,0,1,1,0,1,0,1,0,0,1,0,1
48,174829,12,1,0,0,40,0,1,1,0,1,0,1,0,0,1,0,1
90,153602,9,1,6767,0,40,1,0,1,0,0,1,1,0,0,1,0,1
39,189092,13,1,0,0,45,1,0,1,0,1,0,1,0,0,1,0,1
43,299197,10,1,0,0,40,0,1,1,0,1,0,1,0,0,1,0,1
67,249043,10,1,6767,0,40,0,1,1,0,0,1,1,0,0,1,0,1
63,165611,13,1,0,0,35,1,0,1,0,1,0,1,0,0,1,0,1
48,218835,14,1,0,0,50,1,0,1,0,0,1,1,0,0,1,1,0
34,223212,13,1,0,0,45,0,1,1,0,1,0,1,0,0,1,1,0
38,165848,13,1,0,0,44,0,1,1,0,0,1,1,0,0,1,0,1
49,129513,14,1,0,0,45,0,1,1,0,0,1,1,0,0,1,0,1
59,304779,13,1,0,0,35,1,0,1,0,1,0,1,0,0,1,0,1
34,126584,13,1,0,0,45,1,0,1,0,1,0,1,0,0,1,0,1
72,235014,11,0,0,2465,40,1,0,0,1,0,1,0,1,0,1,0,1
41,397280,13,1,0,0,72,1,0,1,0,1,0,1,0,0,1,0,1
61,177189,13,1,0,0,42,1,0,1,0,1,0,1,0,0,1,0,1
35,241998,13,1,0,0,45,1,0,1,0,0,1,1,0,0,1,0,1
54,55139,13,1,0,0,43,1,0,1,0,0,1,1,0,0,1,0,1
46,328669,11,1,0,0,42,0,1,1,0,0,1,1,0,0,1,0,1
51,263439,13,1,0,0,40,0,1,1,0,0,1,1,0,0,1,0,1
43,106900,13,1,0,0,40,0,1,1,0,1,0,1,0,0,1,0,1
29,94064,14,1,0,0,50,1,0,1,0,1,0,1,0,0,1,0,1
36,150601,15,1,0,0,50,0,1,1,0,1,0,1,0,0,1,0,1
49,186256,10,1,0,0,40,0,1,1,0,1,0,1,0,0,1,0,1
59,59469,14,1,0,0,40,0,1,1,0,0,1,1,0,0,1,1,0
37,126569,13,1,0,0,60,1,0,1,0,0,1,1,0,0,1,0,1
53,116211,10,1,0,0,40,1,0,1,0,1,0,1,0,0,1,0,1
56,226985,12,1,0,0,50,0,1,1,0,0,1,1,0,0,1,0,1
39,152307,13,1,0,0,40,1,0,1,0,1,0,1,0,0,1,0,1
45,118081,10,1,3103,0,42,1,0,1,0,0,1,1,0,0,1,0,1
73,191394,15,1,0,0,40,0,1,1,0,1,0,1,0,0,1,0,1
39,175232,10,1,0,0,50,0,1,1,0,1,0,1,0,0,1,0,1
46,83822,14,1,0,0,40,0,1,1,0,1,0,1,0,0,1,0,1
42,147110,13,1,0,0,40,0,1,1,0,0,1,1,0,0,1,0,1
54,149596,13,0,0,0,45,1,0,1,0,1,0,0,1,0,1,0,1
30,44566,13,1,0,0,80,1,0,1,0,1,0,1,0,0,1,0,1
28,132686,13,1,0,0,55,0,1,1,0,1,0,1,0,0,1,0,1
41,144995,14,1,0,0,55,1,0,1,0,1,0,1,0,0,1,0,1
45,32948,13,1,0,0,60,1,0,1,0,0,1,1,0,0,1,0,1
34,87209,14,1,0,0,60,1,0,1,0,0,1,1,0,0,1,0,1
55,185195,13,1,0,0,99,1,0,1,0,1,0,1,0,0,1,0,1
47,144579,13,1,0,0,90,1,0,1,0,1,0,1,0,0,1,0,1
44,347653,11,1,0,0,50,0,1,1,0,1,0,1,0,0,1,1,0
35,236910,13,1,0,0,60,0,1,1,0,1,0,1,0,0,1,0,1
46,164733,14,1,0,0,41,0,1,1,0,1,0,1,0,0,1,0,1
44,247024,13,1,0,0,50,1,0,1,0,0,1,1,0,0,1,0,1
63,214143,13,1,0,0,40,1,0,1,0,0,1,1,0,0,1,1,0
43,160574,13,1,0,0,40,1,0,1,0,0,1,1,0,0,1,0,1
50,268913,14,1,0,0,40,0,1,1,0,0,1,1,0,0,1,1,0
50,485710,16,0,0,0,50,0,1,0,1,1,0,0,1,0,1,0,1
45,59287,13,1,0,0,40,0,1,1,0,1,0,1,0,0,1,0,1
41,244945,10,1,0,0,40,0,1,1,0,1,0,1,0,0,1,0,1
49,121602,13,1,0,0,40,0,1,1,0,1,0,1,0,0,1,0,1
41,151089,10,1,0,0,50,1,0,1,0,1,0,1,0,0,1,0,1
35,126569,14,1,0,0,40,0,1,1,0,0,1,1,0,0,1,0,1
50,30653,14,1,2407,0,98,1,0,1,0,0,1,1,0,0,1,0,1
51,222883,13,1,0,0,55,1,0,1,0,0,1,1,0,1,0,0,1
36,356838,16,1,0,0,50,0,1,1,0,1,0,1,0,0,1,1,0
38,112497,13,1,0,0,60,1,0,1,0,0,1,1,0,0,1,0,1
43,215896,10,0,0,0,50,1,0,1,0,1,0,0,1,0,1,0,1
53,288020,13,1,0,0,40,0,1,1,0,1,0,1,0,1,0,1,0
33,248754,13,1,0,0,45,0,1,1,0,1,0,1,0,0,1,0,1
58,40925,13,1,0,0,40,1,0,1,0,1,0,1,0,0,1,0,1
29,200511,13,1,0,0,50,0,1,1,0,0,1,1,0,0,1,0,1
64,149044,14,1,0,2057,60,0,1,1,0,1,0,1,0,1,0,1,0
42,348059,16,1,0,0,60,0,1,0,1,1,0,0,1,0,1,0,1
45,185497,13,0,0,0,70,1,0,1,0,1,0,0,1,1,0,1,0
36,105021,13,1,0,0,55,0,1,1,0,1,0,1,0,0,1,0,1
62,134768,14,1,0,0,35,1,0,1,0,0,1,1,0,0,1,0,1
42,227890,13,1,0,1485,40,1,0,1,0,1,0,1,0,0,1,0,1
49,185385,12,1,0,0,45,0,1,1,0,0,1,1,0,0,1,0,1
39,269722,13,1,0,0,70,0,1,1,0,1,0,1,0,0,1,0,1
36,110964,13,0,0,1672,38,1,0,1,0,1,0,0,1,0,1,0,1
47,296066,10,1,0,0,40,0,1,1,0,1,0,1,0,0,1,0,1
34,255830,12,0,7443,0,40,0,1,0,1,0,1,0,1,1,0,0,1
33,111363,13,1,0,0,45,0,1,1,0,0,1,1,0,0,1,0,1
30,185177,13,1,0,0,43,0,1,1,0,1,0,1,0,0,1,0,1
43,125833,13,1,0,0,40,0,1,1,0,1,0,1,0,1,0,1,0
47,109421,13,1,0,0,50,1,0,1,0,1,0,1,0,0,1,0,1
45,198759,16,1,0,0,60,0,1,1,0,1,0,1,0,0,1,0,1
40,150528,13,1,0,0,40,0,1,1,0,1,0,1,0,0,1,0,1
35,99146,13,1,0,0,50,1,0,1,0,0,1,1,0,0,1,0,1
50,392668,10,1,4386,0,40,0,1,1,0,1,0,1,0,0,1,0,1
35,113481,16,1,0,0,60,0,1,1,0,1,0,1,0,0,1,0,1
41,397346,10,1,0,0,50,0,1,1,0,0,1,1,0,0,1,0,1
51,256466,13,1,0,0,50,0,1,1,0,1,0,1,0,1,0,1,0
43,193494,10,1,0,0,40,0,1,1,0,1,0,1,0,0,1,0,1
42,313945,14,1,0,0,40,0,1,1,0,0,1,1,0,0,1,1,0
39,103110,13,1,0,0,50,1,0,1,0,1,0,1,0,0,1,0,1
49,275845,10,1,0,0,60,1,0,1,0,1,0,1,0,0,1,0,1
43,101563,13,1,0,0,40,1,0,1,0,1,0,1,0,0,1,0,1
40,225432,10,1,0,0,45,0,1,1,0,1,0,1,0,0,1,0,1
59,95967,15,1,0,0,40,0,1,1,0,1,0,1,0,1,0,0,1
42,557349,13,1,0,0,70,1,0,1,0,1,0,1,0,0,1,0,1
50,200960,10,1,0,0,50,0,1,1,0,0,1,1,0,0,1,0,1
46,199378,15,1,0,0,90,0,1,0,1,1,0,0,1,0,1,0,1
45,260953,14,1,0,0,40,1,0,1,0,1,0,1,0,0,1,0,1
40,115516,14,1,0,0,40,0,1,1,0,0,1,1,0,1,0,1,0
36,48160,13,1,0,0,40,1,0,1,0,1,0,1,0,0,1,0,1
38,284166,15,1,0,0,50,0,1,0,1,1,0,0,1,0,1,0,1
38,359001,11,1,0,0,42,0,1,1,0,1,0,1,0,0,1,0,1
48,101299,12,1,0,0,45,0,1,1,0,1,0,1,0,0,1,0,1
48,186539,10,1,0,0,40,0,1,1,0,1,0,1,0,0,1,0,1
55,145574,9,1,34095,0,60,1,0,0,1,1,0,0,1,0,1,0,1
44,162506,14,1,0,0,35,1,0,1,0,1,0,1,0,0,1,0,1
52,138497,13,1,0,0,60,1,0,1,0,1,0,1,0,0,1,0,1
33,276221,16,1,0,0,40,0,1,1,0,1,0,1,0,0,1,0,1
36,126675,13,1,0,0,35,0,1,1,0,0,1,1,0,0,1,0,1
56,175057,13,1,0,0,40,1,0,1,0,1,0,1,0,0,1,0,1
38,175268,13,1,0,0,50,0,1,1,0,1,0,1,0,0,1,0,1
33,95530,14,1,0,0,50,0,1,1,0,1,0,1,0,0,1,0,1
43,184018,12,1,0,0,50,0,1,1,0,1,0,1,0,0,1,0,1
39,370032,14,1,0,0,45,0,1,1,0,1,0,1,0,0,1,0,1
43,306440,15,1,0,0,66,0,1,0,1,1,0,0,1,0,1,1,0
88,206291,15,1,0,0,40,1,0,1,0,1,0,1,0,0,1,0,1
31,197672,13,1,0,0,40,0,1,1,0,1,0,1,0,0,1,0,1
38,367260,16,1,0,0,40,0,1,1,0,1,0,1,0,0,1,0,1
46,97176,10,0,0,0,50,1,0,1,0,1,0,0,1,0,1,0,1
52,192386,14,1,5013,0,40,1,0,1,0,1,0,1,0,0,1,0,1
54,227392,14,1,0,0,40,0,1,1,0,1,0,1,0,0,1,0,1
49,262116,15,1,0,0,48,0,1,1,0,1,0,1,0,0,1,0,1
32,420895,13,1,0,0,47,1,0,1,0,0,1,1,0,0,1,0,1
38,165930,10,1,0,0,50,0,1,1,0,1,0,1,0,0,1,0,1
44,36271,13,1,0,0,40,0,1,1,0,0,1,1,0,0,1,0,1
34,180871,13,1,0,0,55,1,0,1,0,1,0,1,0,0,1,0,1
46,278322,13,1,0,0,45,1,0,1,0,0,1,1,0,0,1,0,1
40,165108,13,1,0,0,40,1,0,1,0,1,0,1,0,0,1,1,0
57,258121,13,1,0,0,50,1,0,1,0,1,0,1,0,0,1,0,1
43,102025,14,1,0,0,50,0,1,1,0,1,0,1,0,1,0,0,1
41,223763,14,1,0,0,65,1,0,1,0,0,1,1,0,0,1,0,1
70,210722,15,1,2538,0,45,1,0,0,1,1,0,0,1,0,1,0,1
54,137069,15,1,0,0,40,0,1,1,0,1,0,1,0,1,0,1,0
49,165953,9,1,0,1902,40,0,1,1,0,1,0,1,0,0,1,0,1
29,140927,13,1,0,0,40,0,1,1,0,1,0,1,0,0,1,0,1
31,113838,13,1,0,0,50,0,1,1,0,1,0,1,0,0,1,0,1
37,113750,13,1,0,0,40,0,1,1,0,0,1,1,0,0,1,0,1
45,109434,13,1,0,0,55,0,1,1,0,1,0,1,0,0,1,0,1
30,79712,13,1,0,0,40,0,1,1,0,1,0,1,0,1,0,0,1
53,214691,13,1,0,0,80,0,1,1,0,1,0,1,0,0,1,0,1
33,187203,13,1,0,0,50,1,0,1,0,0,1,1,0,0,1,0,1
