age,fnlwgt,education-num,capital-gain,capital-loss,hours-per-week,workclass_Non-Private,workclass_Private,marital-status_Married,marital-status_Non-Married,occupation_Managerial-Specialist,occupation_Other,relationship_Husband,relationship_Non-Husband,race_Non-White,race_White,native-country_Non-US,native-country_US
43,193755,13,0,0,40,1,0,1,0,1,0,1,0,0,1,0,1
47,402975,10,0,0,40,1,0,1,0,1,0,1,0,1,0,0,1
43,153489,13,0,0,50,0,1,1,0,0,1,1,0,0,1,0,1
47,170850,13,0,0,48,0,1,1,0,0,1,1,0,0,1,0,1
45,109434,13,0,0,55,0,1,1,0,1,0,1,0,0,1,0,1
55,349910,12,0,0,60,1,0,1,0,0,1,1,0,0,1,0,1
37,48779,13,0,0,40,1,0,1,0,1,0,1,0,0,1,0,1
53,178356,12,2407,0,99,0,1,1,0,1,0,1,0,0,1,0,1
35,110188,13,0,0,40,1,0,1,0,1,0,1,0,1,0,1,0
46,199378,15,0,0,90,0,1,0,1,1,0,0,1,0,1,0,1
47,39518,13,0,0,60,1,0,1,0,0,1,1,0,0,1,0,1
42,29320,13,0,0,40,0,1,1,0,1,0,1,0,0,1,0,1
48,355978,14,0,0,40,0,1,1,0,1,0,1,0,0,1,0,1
35,103323,14,0,0,45,0,1,1,0,1,0,1,0,0,1,0,1
31,102130,14,0,0,45,1,0,1,0,1,0,1,0,0,1,0,1
47,159869,16,0,0,50,1,0,1,0,0,1,1,0,0,1,0,1
44,261899,10,0,0,44,0,1,1,0,1,0,1,0,0,1,0,1
50,30682,14,0,0,50,1,0,1,0,1,0,1,0,0,1,0,1
38,111377,10,0,0,55,0,1,1,0,1,0,1,0,0,1,0,1
37,126569,13,0,0,60,1,0,1,0,0,1,1,0,0,1,0,1
57,259010,10,0,0,84,0,1,1,0,0,1,1,0,0,1,0,1
51,263439,13,0,0,40,0,1,1,0,0,1,1,0,0,1,0,1
48,250733,10,0,0,50,0,1,1,0,0,1,1,0,0,1,0,1
46,184632,11,0,0,50,0,1,1,0,0,1,1,0,0,1,0,1
34,246104,14,0,0,40,1,0,1,0,1,0,1,0,1,0,0,1
53,394765,14,0,0,40,1,0,1,0,1,0,1,0,0,1,0,1
31,238002,13,0,0,55,0,1,1,0,0,1,1,0,0,1,1,0
40,92036,13,0,0,40,1,0,1,0,0,1,1,0,0,1,0,1
42,173628,13,0,0,45,1,0,1,0,0,1,1,0,0,1,0,1
39,103110,13,0,0,50,1,0,1,0,1,0,1,0,0,1,0,1
47,178341,13,4064,0,60,0,1,1,0,0,1,1,0,0,1,0,1
47,184579,10,0,0,60,0,1,1,0,0,1,1,0,0,1,0,1
44,82601,13,0,0,40,0,1,1,0,0,1,1,0,0,1,0,1
38,347491,13,0,0,40,1,0,1,0,0,1,1,0,0,1,0,1
48,397466,10,0,0,60,1,0,1,0,1,0,1,0,0,1,0,1
60,164730,13,0,0,40,0,1,1,0,0,1,1,0,0,1,0,1
62,162245,15,0,1628,70,0,1,1,0,1,0,1,0,0,1,0,1
50,165001,13,0,0,50,0,1,1,0,0,1,1,0,0,1,0,1
38,112497,13,0,0,60,1,0,1,0,0,1,1,0,0,1,0,1
47,80282,16,0,0,45,1,0,1,0,1,0,1,0,0,1,0,1
39,85566,13,0,0,40,1,0,1,0,1,0,1,0,0,1,0,1
50,143730,13,0,0,80,1,0,1,0,0,1,1,0,0,1,0,1
55,255364,10,0,0,40,0,1,1,0,1,0,1,0,0,1,0,1
32,317809,13,4064,0,50,0,1,1,0,1,0,1,0,0,1,0,1
49,99361,15,0,0,45,0,1,1,0,1,0,1,0,0,1,0,1
42,275677,11,0,0,50,0,1,1,0,1,0,1,0,0,1,0,1
38,314310,14,0,0,45,0,1,1,0,1,0,1,0,0,1,0,1
55,293104,10,0,0,40,1,0,1,0,1,0,1,0,0,1,0,1
46,91608,15,0,0,40,0,1,1,0,0,1,1,0,0,1,0,1
43,388849,12,0,0,60,0,1,1,0,0,1,1,0,0,1,0,1
23,196827,10,0,1902,40,0,1,1,0,1,0,1,0,0,1,0,1
55,304695,15,0,0,55,1,0,1,0,1,0,1,0,0,1,0,1
41,155767,10,0,0,50,1,0,1,0,1,0,1,0,0,1,0,1
38,186959,13,0,0,50,0,1,1,0,1,0,1,0,0,1,0,1
40,107762,13,0,0,45,1,0,1,0,1,0,1,0,0,1,0,1
36,201117,13,0,0,50,0,1,1,0,1,0,1,0,0,1,0,1
37,117381,14,0,0,45,0,1,1,0,1,0,1,0,0,1,0,1
39,175681,13,0,0,60,0,1,1,0,1,0,1,0,1,0,0,1
30,103651,13,0,0,40,1,0,1,0,1,0,1,0,0,1,0,1
38,54953,13,0,0,60,0,1,1,0,1,0,1,0,0,1,0,1
55,150507,10,0,0,40,0,1,1,0,1,0,1,0,0,1,0,1
53,111939,13,0,0,35,0,1,1,0,0,1,1,0,0,1,0,1
50,141340,13,0,0,50,0,1,1,0,0,1,1,0,0,1,0,1
39,53926,13,0,0,40,0,1,1,0,1,0,1,0,0,1,0,1
33,117186,13,0,0,45,0,1,1,0,1,0,1,0,0,1,0,1
45,120121,13,0,0,50,0,1,1,0,0,1,1,0,0,1,0,1
44,321824,16,0,0,20,0,1,1,0,1,0,1,0,0,1,0,1
35,292185,13,0,0,40,0,1,1,0,1,0,1,0,0,1,0,1
46,256014,11,0,0,60,1,0,1,0,1,0,1,0,0,1,0,1
35,198341,13,0,0,40,0,1,1,0,1,0,1,0,1,0,0,1
28,209109,13,0,0,50,0,1,1,0,0,1,1,0,0,1,0,1
46,481987,10,0,0,35,1,0,1,0,1,0,1,0,0,1,0,1
39,46395,13,0,0,40,0,1,1,0,1,0,1,0,0,1,0,1
53,153486,10,0,0,50,1,0,1,0,0,1,1,0,0,1,0,1
41,523910,13,0,0,40,1,0,1,0,0,1,1,0,1,0,0,1
31,326104,13,0,0,45,0,1,1,0,0,1,1,0,0,1,0,1
40,45093,14,0,0,50,1,0,1,0,1,0,1,0,0,1,0,1
27,141545,9,0,1902,45,0,1,1,0,0,1,1,0,0,1,0,1
40,105119,13,0,0,40,1,0,1,0,0,1,1,0,0,1,0,1
34,136331,13,0,0,60,1,0,1,0,1,0,1,0,0,1,0,1
59,298449,10,0,0,43,1,0,1,0,1,0,1,0,0,1,0,1
46,83822,14,0,0,40,0,1,1,0,1,0,1,0,0,1,0,1
42,92288,14,0,0,40,0,1,1,0,0,1,1,0,1,0,0,1
39,176101,13,0,0,40,0,1,1,0,0,1,1,0,0,1,0,1
52,138497,13,0,0,60,1,0,1,0,1,0,1,0,0,1,0,1
46,193047,13,0,0,37,1,0,1,0,1,0,1,0,0,1,0,1
53,203173,11,0,0,45,0,1,1,0,1,0,1,0,0,1,0,1
47,167281,13,0,0,40,1,0,1,0,0,1,1,0,0,1,0,1
31,36302,13,0,0,50,0,1,1,0,1,0,1,0,0,1,0,1
34,162312,13,0,0,40,0,1,1,0,1,0,1,0,1,0,1,0
31,190401,14,0,0,40,1,0,1,0,1,0,1,0,0,1,0,1
39,352248,12,0,0,40,0,1,1,0,1,0,1,0,0,1,0,1
45,33794,14,0,0,40,0,1,1,0,0,1,1,0,0,1,0,1
33,119628,16,0,0,50,1,0,1,0,1,0,1,0,1,0,1,0
52,94448,11,0,0,40,0,1,1,0,1,0,1,0,0,1,0,1
39,22245,13,0,0,60,0,1,1,0,1,0,0,1,0,1,0,1
61,180079,16,4064,0,40,1,0,1,0,1,0,1,0,0,1,0,1
29,200511,13,0,0,50,0,1,1,0,0,1,1,0,0,1,0,1
66,51415,11,4931,0,98,1,0,1,0,0,1,1,0,0,1,0,1
44,147206,10,0,0,40,0,1,1,0,1,0,1,0,0,1,0,1
54,457237,14,0,0,40,0,1,1,0,0,1,1,0,0,1,0,1
40,34722,13,0,0,50,0,1,1,0,1,0,1,0,0,1,0,1
47,173938,15,0,2258,20,1,0,0,1,1,0,0,1,0,1,0,1
32,27051,13,0,0,44,0,1,1,0,1,0,1,0,0,1,0,1
44,190020,13,0,0,50,1,0,1,0,1,0,1,0,0,1,0,1
57,399246,13,0,1485,40,1,0,1,0,1,0,1,0,1,0,1,0
51,152652,12,0,0,45,0,1,1,0,1,0,1,0,0,1,0,1
41,170331,13,0,0,60,0,1,1,0,1,0,1,0,0,1,0,1
54,133403,5,0,1902,35,0,1,1,0,1,0,1,0,0,1,0,1
41,192589,13,0,0,40,1,0,1,0,1,0,1,0,0,1,0,1
38,227154,13,0,0,40,1,0,1,0,0,1,1,0,1,0,1,0
46,182862,13,0,0,32,0,1,1,0,1,0,1,0,0,1,0,1
49,390746,13,0,1672,45,0,1,1,0,1,0,1,0,0,1,1,0
52,133403,10,0,0,55,0,1,1,0,0,1,1,0,0,1,0,1
64,211222,13,0,0,40,1,0,1,0,1,0,1,0,0,1,0,1
50,400004,10,0,0,60,0,1,1,0,0,1,1,0,0,1,0,1
49,121602,13,0,0,40,0,1,1,0,1,0,1,0,0,1,0,1
28,228346,13,0,0,50,0,1,1,0,1,0,1,0,0,1,0,1
60,137733,13,0,0,50,1,0,1,0,0,1,1,0,0,1,0,1
75,231741,16,4931,0,3,1,0,1,0,1,0,1,0,0,1,0,1
42,204817,13,0,0,35,0,1,1,0,0,1,1,0,1,0,0,1
62,234372,14,0,0,40,1,0,1,0,0,1,1,0,0,1,0,1
48,160724,13,0,0,40,1,0,1,0,1,0,1,0,1,0,1,0
40,228659,12,0,0,60,0,1,1,0,0,1,1,0,0,1,0,1
48,148549,12,0,0,50,0,1,1,0,1,0,1,0,0,1,0,1
38,225605,10,0,0,44,1,0,1,0,1,0,1,0,0,1,0,1
35,204277,13,0,0,40,1,0,1,0,1,0,1,0,0,1,0,1
35,172571,13,0,0,50,0,1,1,0,1,0,1,0,0,1,0,1
46,103540,10,0,0,40,1,0,1,0,1,0,1,0,0,1,0,1
53,103586,13,0,0,55,0,1,1,0,0,1,1,0,0,1,0,1
35,361888,13,0,0,60,1,0,1,0,0,1,1,0,0,1,1,0
48,259873,10,0,0,50,0,1,1,0,1,0,1,0,0,1,0,1
42,220647,13,0,0,45,1,0,1,0,0,1,1,0,0,1,0,1
33,111363,13,0,0,45,0,1,1,0,0,1,1,0,0,1,0,1
53,114758,16,0,0,20,0,1,1,0,1,0,1,0,0,1,0,1
55,189933,10,0,0,84,0,1,1,0,0,1,1,0,0,1,0,1
41,126850,15,0,0,40,0,1,1,0,1,0,1,0,1,0,1,0
45,277434,13,0,0,50,1,0,1,0,1,0,1,0,0,1,0,1
51,168539,12,0,0,40,1,0,1,0,1,0,1,0,0,1,0,1
52,165681,10,0,0,40,0,1,1,0,1,0,1,0,0,1,0,1
40,115516,14,0,0,40,0,1,1,0,0,1,1,0,1,0,1,0
39,179481,13,0,0,40,0,1,1,0,0,1,1,0,0,1,0,1
57,31532,13,0,0,40,0,1,1,0,0,1,1,0,0,1,0,1
54,226497,10,0,0,50,1,0,1,0,0,1,1,0,0,1,0,1
67,239705,16,0,0,12,1,0,1,0,1,0,1,0,1,0,0,1
40,130760,16,0,0,45,0,1,1,0,1,0,1,0,0,1,0,1
40,200574,12,0,0,44,0,1,1,0,0,1,1,0,0,1,0,1
33,231413,13,0,0,40,0,1,1,0,1,0,1,0,0,1,0,1
40,186916,13,0,0,40,0,1,1,0,1,0,1,0,0,1,0,1
46,36228,9,0,1902,40,1,0,1,0,0,1,1,0,0,1,0,1
33,144949,13,0,0,65,1,0,1,0,0,1,1,0,0,1,0,1
59,59469,14,0,0,40,0,1,1,0,0,1,1,0,0,1,1,0
39,205338,13,0,0,60,0,1,1,0,0,1,1,0,0,1,0,1
41,373469,12,0,0,40,0,1,1,0,1,0,1,0,0,1,0,1
54,305319,13,0,0,70,1,0,1,0,1,0,1,0,0,1,0,1
33,154950,13,0,0,50,0,1,1,0,1,0,1,0,0,1,0,1
39,342448,13,0,0,45,0,1,1,0,1,0,1,0,0,1,0,1
42,79036,13,0,0,65,1,0,1,0,0,1,1,0,0,1,0,1
37,298444,14,0,0,40,1,0,1,0,1,0,1,0,0,1,0,1
48,99127,11,0,0,40,0,1,1,0,1,0,1,0,0,1,0,1
67,186427,13,0,0,45,0,1,1,0,1,0,1,0,0,1,0,1
41,193882,13,0,0,40,0,1,1,0,0,1,1,0,0,1,0,1
59,95967,15,0,0,40,0,1,1,0,1,0,1,0,1,0,0,1
39,323385,10,0,0,70,0,1,1,0,1,0,1,0,0,1,0,1
49,115784,11,0,0,45,0,1,1,0,0,1,1,0,0,1,0,1
62,71467,14,0,0,40,1,0,1,0,1,0,1,0,0,1,0,1
32,130242,13,0,0,45,1,0,1,0,1,0,1,0,0,1,0,1
35,211440,12,0,0,45,0,1,1,0,1,0,1,0,0,1,0,1
37,117166,14,0,0,40,1,0,1,0,1,0,1,0,0,1,0,1
30,181651,13,0,0,50,0,1,1,0,1,0,1,0,0,1,0,1
49,56841,13,0,0,70,1,0,1,0,0,1,1,0,0,1,0,1
70,262502,10,0,1844,24,0,1,1,0,0,1,1,0,0,1,0,1
56,275236,13,0,0,40,0,1,1,0,1,0,1,0,0,1,0,1
52,159670,12,0,0,40,0,1,1,0,1,0,1,0,0,1,0,1
45,198759,16,0,0,60,0,1,1,0,1,0,1,0,0,1,0,1
70,118902,13,0,0,40,0,1,1,0,1,0,1,0,0,1,1,0
62,173601,13,0,0,40,0,1,1,0,1,0,1,0,0,1,0,1
54,227392,14,0,0,40,0,1,1,0,1,0,1,0,0,1,0,1
41,57233,13,0,0,70,0,1,1,0,0,1,1,0,0,1,0,1
30,255424,15,0,0,55,1,0,1,0,1,0,1,0,0,1,0,1
44,238188,12,0,0,40,0,1,1,0,0,1,1,0,0,1,0,1
58,489085,13,0,0,40,1,0,1,0,1,0,1,0,1,0,0,1
68,67791,14,0,0,45,0,1,1,0,1,0,1,0,0,1,0,1
47,48195,13,0,0,72,1,0,1,0,1,0,1,0,0,1,0,1
39,190023,13,0,0,60,1,0,1,0,0,1,1,0,0,1,0,1
44,76196,13,0,0,50,0,1,1,0,1,0,1,0,0,1,0,1
37,93225,12,0,0,45,1,0,1,0,1,0,1,0,0,1,0,1
43,248476,13,0,0,60,0,1,1,0,0,1,1,0,0,1,0,1
55,222615,14,0,0,60,1,0,1,0,1,0,1,0,0,1,0,1
36,269722,14,0,0,40,0,1,1,0,0,1,1,0,0,1,0,1
36,35309,13,0,0,40,0,1,1,0,1,0,1,0,0,1,0,1
59,186308,14,0,0,50,1,0,1,0,1,0,1,0,0,1,0,1
43,405601,10,0,0,60,1,0,1,0,1,0,1,0,0,1,0,1
60,167670,13,0,0,35,0,1,1,0,1,0,1,0,0,1,0,1
44,121012,13,5013,0,45,0,1,1,0,1,0,1,0,0,1,0,1
45,357540,13,0,2002,55,0,1,1,0,0,1,1,0,0,1,0,1
47,46044,14,0,0,40,0,1,1,0,1,0,1,0,0,1,0,1
39,320305,13,0,0,60,0,1,1,0,1,0,1,0,0,1,0,1
46,113434,13,0,0,40,1,0,1,0,0,1,1,0,0,1,0,1
39,286026,13,0,0,52,0,1,1,0,0,1,1,0,0,1,0,1
44,53956,13,3137,0,40,1,0,1,0,1,0,1,0,0,1,0,1
47,192776,13,0,0,50,0,1,1,0,1,0,1,0,0,1,0,1
36,84294,13,0,0,72,1,0,1,0,0,1,1,0,0,1,0,1
51,207449,13,0,0,55,0,1,1,0,1,0,1,0,0,1,0,1
42,194636,13,0,0,40,0,1,1,0,1,0,1,0,0,1,0,1
43,184378,13,0,0,35,0,1,1,0,1,0,1,0,0,1,0,1
35,167482,13,0,0,60,0,1,1,0,1,0,1,0,0,1,0,1
62,200834,14,0,0,55,0,1,1,0,1,0,1,0,0,1,0,1
36,165855,13,0,0,40,1,0,1,0,0,1,1,0,0,1,1,0
36,111957,10,0,0,52,1,0,1,0,1,0,1,0,0,1,0,1
53,159876,9,3103,0,72,1,0,1,0,0,1,1,0,1,0,0,1
54,197184,13,0,0,38,1,0,1,0,1,0,1,0,0,1,0,1
40,260761,13,0,0,40,0,1,1,0,1,0,1,0,0,1,1,0
49,89334,13,0,0,40,1,0,1,0,1,0,1,0,0,1,0,1
32,253354,14,0,0,50,1,0,1,0,1,0,1,0,0,1,0,1
39,256997,13,0,0,40,1,0,1,0,0,1,1,0,0,1,0,1
48,186539,10,0,0,40,0,1,1,0,1,0,1,0,0,1,0,1
47,198223,10,0,0,40,0,1,1,0,1,0,1,0,0,1,0,1
38,300975,14,0,1485,40,0,1,1,0,0,1,1,0,1,0,0,1
53,121441,10,0,0,55,0,1,1,0,0,1,1,0,0,1,0,1
45,127948,13,0,0,40,1,0,1,0,1,0,1,0,0,1,0,1
45,67716,10,0,0,60,1,0,1,0,1,0,1,0,0,1,0,1
57,296516,10,0,0,50,0,1,1,0,1,0,1,0,0,1,0,1
42,252518,13,0,0,70,0,1,1,0,1,0,1,0,0,1,0,1
44,155930,13,0,0,60,1,0,1,0,1,0,1,0,0,1,0,1
43,161226,13,0,0,40,0,1,1,0,1,0,1,0,1,0,0,1
45,283037,13,0,0,40,1,0,1,0,1,0,1,0,0,1,0,1
52,74660,14,0,0,40,0,1,1,0,1,0,1,0,0,1,0,1
58,194733,10,0,0,45,1,0,1,0,1,0,1,0,0,1,0,1
35,348690,13,0,0,40,0,1,1,0,0,1,1,0,0,1,0,1
29,94064,14,0,0,50,1,0,1,0,1,0,1,0,0,1,0,1
50,230951,13,0,0,40,0,1,1,0,0,1,1,0,0,1,0,1
35,465326,13,0,0,40,0,1,1,0,0,1,1,0,0,1,0,1
42,269028,16,0,0,40,0,1,1,0,1,0,1,0,0,1,1,0
70,223275,13,0,0,40,1,0,1,0,1,0,1,0,0,1,0,1
46,234289,14,0,0,60,0,1,1,0,1,0,1,0,0,1,0,1
62,75478,13,0,0,40,1,0,1,0,1,0,1,0,0,1,0,1
45,112283,13,0,0,55,0,1,1,0,0,1,1,0,0,1,0,1
34,163110,14,0,0,40,0,1,1,0,0,1,1,0,0,1,0,1
34,213226,13,0,1485,35,1,0,1,0,1,0,1,0,0,1,0,1
38,122493,13,4064,0,40,1,0,1,0,1,0,1,0,0,1,0,1
42,47012,13,0,0,40,0,1,1,0,0,1,1,0,0,1,0,1
43,245525,13,0,0,38,0,1,1,0,0,1,1,0,0,1,0,1
43,331649,13,0,0,45,0,1,1,0,0,1,1,0,0,1,0,1
39,199753,13,0,0,60,1,0,1,0,0,1,1,0,0,1,0,1
48,72425,13,0,0,50,1,0,1,0,0,1,1,0,0,1,0,1
35,113481,16,0,0,60,0,1,1,0,1,0,1,0,0,1,0,1
35,115792,13,0,0,55,0,1,1,0,1,0,1,0,0,1,0,1
63,221072,13,0,0,49,0,1,1,0,0,1,1,0,0,1,0,1
49,211005,10,0,0,60,0,1,1,0,1,0,1,0,1,0,0,1
51,128272,10,0,0,40,0,1,1,0,1,0,1,0,0,1,0,1
40,53956,13,0,0,50,0,1,1,0,1,0,1,0,0,1,0,1
34,180871,13,0,0,55,1,0,1,0,1,0,1,0,0,1,0,1
56,175057,13,0,0,40,1,0,1,0,1,0,1,0,0,1,0,1
48,148995,10,0,0,60,0,1,1,0,0,1,1,0,0,1,0,1
43,388725,12,0,0,40,0,1,1,0,0,1,1,0,0,1,0,1
56,101338,13,0,0,40,1,0,1,0,0,1,1,0,0,1,0,1
36,126675,13,0,0,35,0,1,1,0,0,1,1,0,0,1,0,1
73,105886,13,1173,0,75,0,1,1,0,1,0,1,0,0,1,0,1
48,127921,13,0,0,40,1,0,1,0,1,0,1,0,0,1,0,1
43,245937,10,0,0,65,0,1,1,0,1,0,1,0,0,1,0,1
30,262092,13,0,0,55,0,1,1,0,0,1,1,0,0,1,0,1
54,133403,10,0,0,40,0,1,1,0,1,0,1,0,0,1,0,1
70,50468,9,0,3175,15,0,1,0,1,0,1,0,1,0,1,0,1
46,123598,13,0,0,40,0,1,1,0,0,1,1,0,0,1,0,1
52,30008,14,0,0,45,1,0,1,0,0,1,1,0,0,1,0,1
44,118484,15,0,0,80,0,1,1,0,0,1,1,0,0,1,0,1
62,39630,13,0,0,40,1,0,1,0,1,0,1,0,0,1,0,1
55,185195,13,0,0,99,1,0,1,0,1,0,1,0,0,1,0,1
46,237731,11,0,0,40,0,1,1,0,1,0,1,0,0,1,0,1
34,33678,13,4508,0,35,0,1,1,0,0,1,1,0,0,1,0,1
46,72896,10,0,0,50,0,1,1,0,1,0,1,0,0,1,0,1
48,94342,13,0,0,55,0,1,1,0,0,1,1,0,0,1,0,1
64,232787,13,0,0,40,0,1,1,0,1,0,1,0,0,1,0,1
28,141350,13,0,0,45,0,1,1,0,1,0,1,0,0,1,0,1
40,170108,14,0,0,40,0,1,1,0,1,0,1,0,0,1,0,1
38,140583,14,0,0,70,1,0,1,0,0,1,1,0,0,1,0,1
34,113530,13,0,0,40,0,1,1,0,1,0,1,0,0,1,0,1
33,137421,15,0,0,35,0,1,1,0,1,0,1,0,1,0,1,0
54,83103,13,0,0,67,0,1,1,0,0,1,1,0,0,1,0,1
38,152621,13,0,0,99,1,0,1,0,0,1,1,0,0,1,0,1
53,549341,13,0,0,35,1,0,1,0,1,0,1,0,1,0,0,1
42,169995,10,0,0,45,0,1,1,0,1,0,1,0,0,1,0,1
42,27085,10,0,0,40,1,0,1,0,1,0,1,0,0,1,0,1
38,95336,13,0,0,45,0,1,1,0,0,1,1,0,0,1,0,1
61,187135,10,0,0,56,0,1,1,0,1,0,1,0,0,1,0,1
44,167005,10,4386,0,55,0,1,1,0,0,1,1,0,0,1,0,1
45,206459,14,0,0,35,1,0,1,0,1,0,1,0,0,1,0,1
57,73051,13,0,0,40,0,1,1,0,1,0,1,0,0,1,0,1
30,185177,13,0,0,43,0,1,1,0,1,0,1,0,0,1,0,1
43,174395,14,0,0,50,1,0,1,0,1,0,1,0,0,1,0,1
46,44671,13,0,0,40,0,1,1,0,0,1,1,0,0,1,0,1
61,113544,13,0,0,55,0,1,1,0,0,1,1,0,0,1,0,1
29,263005,14,0,0,45,0,1,1,0,1,0,1,0,0,1,1,0
34,154246,13,4865,0,55,1,0,0,1,1,0,0,1,0,1,0,1
73,191394,15,0,0,40,0,1,1,0,1,0,1,0,0,1,0,1
44,178385,14,0,0,48,0,1,1,0,1,0,1,0,1,0,1,0
41,168098,13,0,0,50,1,0,1,0,1,0,1,0,0,1,0,1
53,98829,13,0,0,50,1,0,1,0,1,0,1,0,0,1,0,1
61,226297,13,0,0,40,0,1,1,0,1,0,1,0,0,1,0,1
45,101977,10,0,0,45,0,1,1,0,0,1,1,0,0,1,0,1
39,290321,11,0,0,50,1,0,1,0,1,0,1,0,0,1,0,1
57,513440,14,0,0,40,0,1,1,0,1,0,1,0,0,1,1,0
43,33331,13,0,0,55,0,1,1,0,0,1,1,0,0,1,0,1
38,472604,13,0,0,35,0,1,1,0,0,1,1,0,0,1,1,0
54,204397,10,0,0,50,0,1,1,0,0,1,1,0,0,1,0,1
35,282951,13,0,0,70,0,1,1,0,1,0,1,0,0,1,0,1
34,100079,13,0,0,55,1,0,1,0,0,1,1,0,1,0,1,0
51,421132,10,0,0,40,1,0,1,0,0,1,1,0,0,1,0,1
52,145879,10,0,0,65,0,1,1,0,0,1,1,0,0,1,0,1
42,90693,13,0,0,70,1,0,1,0,1,0,1,0,0,1,0,1
43,150533,12,0,0,50,1,0,1,0,1,0,1,0,0,1,0,1
29,91189,13,0,0,48,0,1,1,0,1,0,1,0,0,1,0,1
46,29437,12,0,0,50,0,1,1,0,0,1,1,0,0,1,0,1
49,185385,12,0,0,45,0,1,1,0,0,1,1,0,0,1,0,1
49,459556,11,0,0,50,0,1,1,0,0,1,1,0,1,0,0,1
53,214691,13,0,0,80,0,1,1,0,1,0,1,0,0,1,0,1
35,331831,13,0,0,40,0,1,1,0,0,1,1,0,0,1,0,1
60,120163,13,0,0,40,0,1,1,0,1,0,1,0,0,1,0,1
62,162678,13,0,0,40,1,0,1,0,1,0,1,0,0,1,0,1
36,209609,13,0,0,38,0,1,1,0,1,0,1,0,0,1,0,1
42,153489,13,0,0,40,0,1,1,0,1,0,1,0,0,1,0,1
63,90393,10,0,0,48,1,0,1,0,1,0,1,0,0,1,0,1
47,120939,10,0,0,45,0,1,1,0,0,1,1,0,0,1,0,1
35,117555,12,0,0,45,0,1,1,0,1,0,1,0,0,1,0,1
58,112945,11,0,0,40,0,1,1,0,1,0,1,0,0,1,0,1
43,310969,15,0,0,40,1,0,1,0,1,0,1,0,1,0,0,1
33,156464,14,0,0,40,1,0,1,0,1,0,1,0,0,1,0,1
56,105363,13,4508,0,40,0,1,1,0,1,0,1,0,0,1,0,1
39,185624,10,0,0,50,0,1,1,0,1,0,1,0,0,1,0,1
38,103408,14,0,0,40,0,1,1,0,1,0,1,0,1,0,0,1
43,174051,13,0,0,48,0,1,1,0,0,1,1,0,0,1,0,1
57,148509,13,0,0,35,1,0,1,0,1,0,1,0,1,0,1,0
52,51048,13,0,0,55,1,0,1,0,0,1,1,0,0,1,0,1
68,351402,16,0,0,70,0,1,1,0,0,1,1,0,0,1,0,1
52,168035,10,0,0,45,1,0,1,0,0,1,1,0,0,1,0,1
46,35969,13,0,0,51,0,1,1,0,1,0,1,0,0,1,0,1
44,181762,10,0,0,50,1,0,1,0,1,0,1,0,0,1,0,1
42,172307,10,0,0,45,1,0,1,0,1,0,1,0,0,1,0,1
31,162572,13,0,0,40,0,1,1,0,1,0,1,0,0,1,0,1
44,56651,13,0,0,52,1,0,1,0,1,0,1,0,0,1,0,1
49,113513,13,0,0,50,1,0,1,0,0,1,1,0,0,1,0,1
46,245724,13,3818,0,44,0,1,1,0,1,0,1,0,0,1,0,1
33,249409,14,0,0,35,0,1,1,0,1,0,1,0,1,0,0,1
51,171924,10,0,0,50,1,0,1,0,0,1,1,0,0,1,0,1
38,297767,14,0,0,40,0,1,1,0,1,0,1,0,1,0,0,1
33,37274,13,0,0,65,0,1,1,0,1,0,1,0,0,1,0,1
42,173704,14,0,0,40,0,1,1,0,1,0,1,0,0,1,0,1
36,116358,14,0,0,45,0,1,1,0,1,0,1,0,1,0,1,0
30,183000,14,0,0,45,1,0,1,0,1,0,1,0,0,1,0,1
41,397280,13,0,0,72,1,0,1,0,1,0,1,0,0,1,0,1
57,165881,15,0,0,40,1,0,1,0,1,0,1,0,0,1,0,1
35,112271,14,0,0,40,0,1,1,0,1,0,1,0,0,1,0,1
40,145160,10,0,0,43,0,1,1,0,1,0,1,0,0,1,0,1
34,227540,13,0,0,60,1,0,1,0,0,1,1,0,1,0,1,0
48,67725,13,0,0,45,0,1,1,0,0,1,1,0,0,1,0,1
30,200892,14,0,0,40,1,0,1,0,1,0,1,0,0,1,0,1
57,177271,16,0,0,35,1,0,1,0,1,0,1,0,0,1,0,1
40,67874,14,0,0,58,1,0,1,0,1,0,1,0,0,1,0,1
33,175502,13,0,0,60,1,0,1,0,1,0,1,0,0,1,0,1
44,176063,13,0,0,45,0,1,1,0,1,0,1,0,0,1,0,1
63,267101,13,0,0,60,1,0,1,0,1,0,1,0,0,1,0,1
38,181721,13,0,0,40,1,0,1,0,1,0,1,0,1,0,0,1
41,185267,13,0,0,40,0,1,1,0,1,0,1,0,0,1,0,1
54,138852,10,0,0,60,0,1,1,0,1,0,1,0,0,1,0,1
67,40021,16,0,0,40,0,1,1,0,1,0,1,0,0,1,0,1
35,102268,13,0,0,45,0,1,1,0,1,0,1,0,0,1,0,1
57,20953,14,0,2129,70,1,0,1,0,0,1,1,0,0,1,0,1
42,113147,12,0,0,40,0,1,1,0,1,0,1,0,1,0,0,1
46,164733,14,0,0,41,0,1,1,0,1,0,1,0,0,1,0,1
56,245215,16,0,0,50,0,1,1,0,1,0,1,0,0,1,0,1
40,32627,14,0,0,60,0,1,1,0,1,0,1,0,0,1,0,1
58,225394,9,0,1902,40,0,1,1,0,0,1,1,0,0,1,0,1
56,137078,14,0,0,40,1,0,1,0,1,0,1,0,0,1,0,1
42,138162,13,0,0,45,1,0,1,0,1,0,1,0,0,1,0,1
55,197399,14,0,0,40,1,0,1,0,1,0,1,0,0,1,0,1
44,162506,14,0,0,35,1,0,1,0,1,0,1,0,0,1,0,1
54,96062,13,0,0,40,0,1,1,0,1,0,1,0,0,1,0,1
33,154950,13,0,0,50,0,1,1,0,0,1,1,0,0,1,0,1
58,25124,11,0,2377,65,1,0,1,0,0,1,1,0,0,1,0,1
61,177189,13,0,0,42,1,0,1,0,1,0,1,0,0,1,0,1
49,31267,13,0,0,50,1,0,1,0,1,0,1,0,0,1,0,1
44,121352,10,0,0,50,1,0,1,0,1,0,1,0,0,1,0,1
51,279337,10,0,0,48,0,1,1,0,0,1,1,0,0,1,0,1
33,186993,13,0,0,51,0,1,1,0,1,0,1,0,0,1,0,1
79,266119,13,0,0,40,0,1,1,0,0,1,1,0,0,1,0,1
43,306440,15,0,0,66,0,1,0,1,1,0,0,1,0,1,1,0
49,106207,13,0,0,40,1,0,1,0,1,0,1,0,0,1,0,1
34,306982,13,0,0,60,1,0,1,0,0,1,1,0,1,0,1,0
43,240170,13,0,0,50,1,0,1,0,1,0,1,0,0,1,1,0
46,360593,14,4650,0,44,0,1,0,1,1,0,0,1,0,1,0,1
42,69333,13,0,0,50,1,0,1,0,0,1,1,0,0,1,0,1
67,257557,4,10566,0,40,0,1,1,0,0,1,1,0,1,0,0,1
60,35649,13,0,0,40,1,0,1,0,0,1,1,0,0,1,0,1
51,166459,11,0,0,40,1,0,1,0,1,0,1,0,0,1,0,1
39,339029,13,0,0,50,1,0,1,0,1,0,1,0,0,1,0,1
28,251905,13,0,0,50,0,1,1,0,1,0,1,0,0,1,0,1
47,80282,13,3137,0,40,1,0,1,0,1,0,1,0,0,1,0,1
54,53833,13,0,0,50,0,1,1,0,0,1,1,0,0,1,0,1
49,218676,10,0,0,43,0,1,1,0,1,0,1,0,0,1,0,1
48,90042,10,0,0,49,1,0,1,0,1,0,1,0,0,1,0,1
57,201991,13,0,0,40,0,1,1,0,1,0,1,0,0,1,0,1
40,69333,13,0,0,40,0,1,1,0,0,1,1,0,0,1,0,1
40,243580,13,0,0,48,1,0,1,0,1,0,1,0,0,1,0,1
62,116289,13,0,0,45,0,1,1,0,1,0,1,0,0,1,0,1
49,294671,13,0,0,50,0,1,1,0,0,1,1,0,0,1,0,1
43,114537,13,0,0,40,1,0,1,0,1,0,1,0,0,1,0,1
42,185764,10,0,0,60,0,1,1,0,1,0,1,0,0,1,0,1
38,157473,11,0,0,48,0,1,1,0,1,0,1,0,0,1,0,1
41,242089,14,0,0,45,0,1,1,0,1,0,1,0,0,1,0,1
42,262425,10,0,0,50,0,1,1,0,1,0,1,0,0,1,0,1
36,25806,16,0,0,40,1,0,1,0,1,0,1,0,1,0,1,0
40,33474,14,0,0,60,1,0,1,0,0,1,1,0,0,1,0,1
49,201127,7,0,1902,70,0,1,1,0,0,1,1,0,0,1,0,1
44,86750,10,4508,0,72,1,0,1,0,0,1,1,0,0,1,0,1
39,91039,14,0,0,45,1,0,1,0,1,0,1,0,0,1,0,1
63,108097,10,10566,0,45,0,1,1,0,0,1,1,0,0,1,0,1
32,420895,13,0,0,47,1,0,1,0,0,1,1,0,0,1,0,1
40,27766,14,0,0,40,0,1,1,0,0,1,1,0,0,1,0,1
41,120277,13,0,0,40,1,0,1,0,1,0,1,0,0,1,1,0
45,202496,13,0,0,37,0,1,1,0,0,1,1,0,0,1,0,1
39,222641,13,0,0,40,1,0,1,0,0,1,1,0,0,1,0,1
50,176867,16,3781,0,40,1,0,1,0,1,0,1,0,0,1,0,1
49,123088,10,0,0,46,1,0,1,0,1,0,1,0,0,1,0,1
37,207066,14,0,0,70,0,1,1,0,1,0,1,0,0,1,0,1
38,179481,13,0,0,50,1,0,1,0,1,0,1,0,0,1,0,1
34,312667,14,0,0,45,0,1,1,0,1,0,1,0,0,1,0,1
43,152159,13,0,0,40,0,1,1,0,1,0,1,0,1,0,0,1
57,249977,11,0,0,40,0,1,1,0,1,0,1,0,0,1,0,1
30,44566,13,0,0,80,1,0,1,0,1,0,1,0,0,1,0,1
41,206470,13,0,0,40,0,1,1,0,1,0,1,0,0,1,1,0
33,173730,14,0,0,40,0,1,1,0,1,0,1,0,0,1,0,1
46,278322,13,0,0,45,1,0,1,0,0,1,1,0,0,1,0,1
34,229531,12,0,0,60,1,0,1,0,1,0,1,0,0,1,0,1
38,182609,13,0,0,50,0,1,1,0,0,1,1,0,0,1,1,0
31,34572,13,0,0,55,0,1,1,0,0,1,1,0,0,1,0,1
36,112497,13,0,0,40,0,1,1,0,0,1,1,0,0,1,0,1
51,99064,14,0,0,35,1,0,1,0,1,0,1,0,0,1,0,1
47,109421,13,0,0,50,1,0,1,0,1,0,1,0,0,1,0,1
49,481987,9,0,0,60,1,0,1,0,1,0,1,0,0,1,0,1
35,174597,13,0,0,40,0,1,1,0,0,1,1,0,0,1,0,1
50,114056,11,0,0,84,0,1,1,0,0,1,1,0,0,1,0,1
45,120724,14,4386,0,40,0,1,1,0,1,0,1,0,0,1,0,1
33,276221,16,0,0,40,0,1,1,0,1,0,1,0,0,1,0,1
33,236379,13,0,0,45,0,1,1,0,0,1,1,0,0,1,0,1
43,152420,10,0,0,50,0,1,1,0,1,0,1,0,1,0,0,1
54,156800,13,0,0,50,1,0,1,0,0,1,1,0,0,1,0,1
37,32528,13,0,0,50,0,1,1,0,0,1,1,0,0,1,0,1
35,215323,13,0,0,40,0,1,1,0,0,1,1,0,0,1,0,1
30,169020,13,0,0,40,1,0,1,0,1,0,1,0,0,1,0,1
54,177927,14,0,0,60,0,1,1,0,1,0,1,0,0,1,0,1
67,168224,13,0,0,40,1,0,1,0,1,0,1,0,0,1,0,1
59,223215,10,0,0,42,1,0,1,0,0,1,1,0,0,1,0,1
58,110517,16,4064,0,40,1,0,1,0,1,0,1,0,1,0,1,0
42,161532,13,0,0,60,1,0,1,0,0,1,1,0,1,0,0,1
41,32185,13,0,0,40,1,0,1,0,0,1,1,0,0,1,0,1
48,101299,12,0,0,45,0,1,1,0,1,0,1,0,0,1,0,1
43,52849,13,0,0,40,1,0,1,0,1,0,1,0,0,1,0,1
36,186212,12,0,0,50,0,1,1,0,0,1,1,0,0,1,0,1
46,130779,10,0,0,40,0,1,1,0,1,0,1,0,0,1,0,1
37,152909,10,0,0,60,0,1,1,0,1,0,1,0,0,1,0,1
50,133014,11,0,0,40,1,0,1,0,1,0,1,0,0,1,0,1
34,62327,13,0,0,40,1,0,1,0,1,0,1,0,0,1,0,1
28,328949,15,0,0,60,0,1,1,0,1,0,1,0,0,1,0,1
40,103513,14,0,0,40,0,1,1,0,0,1,1,0,0,1,0,1
52,172962,13,0,0,40,0,1,1,0,1,0,1,0,0,1,0,1
52,101752,11,0,0,56,0,1,1,0,0,1,1,0,0,1,0,1
47,149366,13,0,0,40,0,1,1,0,1,0,1,0,0,1,1,0
51,256466,13,0,0,50,0,1,1,0,1,0,1,0,1,0,1,0
54,109413,13,0,0,50,1,0,1,0,0,1,1,0,0,1,0,1
90,155981,13,10566,0,50,1,0,1,0,1,0,1,0,0,1,0,1
59,304779,13,0,0,35,1,0,1,0,1,0,1,0,0,1,0,1
49,242987,13,0,0,40,0,1,1,0,1,0,1,0,0,1,1,0
43,147230,13,0,0,60,1,0,1,0,1,0,1,0,0,1,0,1
75,208426,15,0,0,35,1,0,1,0,1,0,1,0,0,1,0,1
63,83043,13,0,2179,45,1,0,1,0,0,1,1,0,0,1,0,1
39,241153,14,0,0,50,1,0,1,0,1,0,1,0,0,1,0,1
40,403550,10,0,0,50,1,0,1,0,0,1,1,0,0,1,0,1
37,177974,10,0,0,70,0,1,1,0,1,0,1,0,0,1,0,1
59,136413,13,0,0,40,0,1,1,0,0,1,1,0,0,1,0,1
38,237713,13,0,0,60,0,1,1,0,1,0,1,0,0,1,0,1
54,55139,13,0,0,43,1,0,1,0,0,1,1,0,0,1,0,1
46,93557,10,0,0,40,0,1,1,0,1,0,1,0,0,1,0,1
30,34574,14,0,0,50,0,1,1,0,1,0,1,0,0,1,0,1
58,136951,13,0,0,40,0,1,1,0,1,0,1,0,1,0,1,0
43,101563,13,0,0,40,1,0,1,0,1,0,1,0,0,1,0,1
36,241962,13,0,0,40,1,0,1,0,1,0,1,0,0,1,0,1
46,168796,13,0,0,55,1,0,1,0,0,1,1,0,0,1,0,1
32,123964,10,4386,0,50,0,1,1,0,0,1,1,0,0,1,0,1
48,54985,13,0,0,40,1,0,1,0,1,0,1,0,0,1,0,1
50,186565,13,0,0,50,1,0,1,0,0,1,1,0,0,1,0,1
59,41258,13,0,0,50,1,0,1,0,1,0,1,0,0,1,0,1
50,158284,10,0,0,40,0,1,1,0,1,0,1,0,0,1,0,1
33,198660,13,0,0,50,0,1,1,0,0,1,1,0,0,1,0,1
46,249935,16,0,0,70,0,1,1,0,1,0,1,0,0,1,0,1
57,191983,10,0,0,50,0,1,1,0,0,1,1,0,0,1,0,1
48,98524,12,0,0,45,0,1,1,0,0,1,1,0,0,1,0,1
40,118853,13,0,0,60,0,1,1,0,1,0,1,0,0,1,0,1
54,197189,13,0,0,40,0,1,1,0,0,1,1,0,0,1,0,1
29,289991,14,0,0,50,1,0,1,0,1,0,1,0,0,1,0,1
39,327164,14,0,0,45,1,0,1,0,1,0,1,0,0,1,0,1
52,289804,13,0,0,40,1,0,1,0,1,0,1,0,1,0,0,1
39,129573,10,0,0,50,1,0,1,0,1,0,1,0,0,1,0,1
46,313635,15,4650,0,40,1,0,0,1,1,0,0,1,1,0,0,1
76,125784,13,0,0,40,0,1,1,0,1,0,1,0,0,1,0,1
44,35166,13,0,0,90,1,0,1,0,0,1,1,0,0,1,0,1
51,295538,10,0,0,40,1,0,1,0,1,0,1,0,0,1,0,1
31,378426,15,0,0,99,1,0,1,0,1,0,1,0,0,1,1,0
37,188576,16,0,0,40,0,1,1,0,1,0,1,0,1,0,0,1
63,146196,13,0,0,40,0,1,1,0,1,0,1,0,0,1,0,1
41,325159,13,0,0,50,0,1,1,0,1,0,1,0,0,1,0,1
39,122353,13,0,0,40,1,0,1,0,1,0,1,0,0,1,0,1
46,149161,10,0,0,60,0,1,1,0,1,0,1,0,1,0,1,0
44,199202,14,0,0,50,0,1,1,0,1,0,1,0,0,1,0,1
31,197672,13,0,0,40,0,1,1,0,1,0,1,0,0,1,0,1
47,83064,13,0,0,60,1,0,1,0,0,1,1,0,0,1,0,1
53,116211,10,0,0,40,1,0,1,0,1,0,1,0,0,1,0,1
37,52870,13,0,0,40,0,1,1,0,1,0,1,0,0,1,0,1
44,188436,13,0,0,45,0,1,1,0,1,0,1,0,0,1,0,1
44,253250,14,0,0,54,1,0,1,0,1,0,1,0,0,1,0,1
42,125280,13,3137,0,40,0,1,1,0,1,0,1,0,0,1,0,1
50,69345,12,0,0,60,1,0,1,0,1,0,1,0,0,1,0,1
44,242619,10,0,0,40,0,1,1,0,1,0,1,0,0,1,0,1
38,51240,13,0,0,45,1,0,1,0,1,0,1,0,0,1,0,1
32,176998,13,0,0,40,0,1,1,0,1,0,1,0,0,1,0,1
28,27956,15,0,0,99,0,1,1,0,1,0,1,0,1,0,1,0
53,182677,13,0,0,50,1,0,1,0,0,1,1,0,1,0,1,0
57,149168,10,0,0,55,1,0,1,0,1,0,1,0,0,1,0,1
52,180881,13,0,0,40,0,1,1,0,1,0,1,0,0,1,0,1
63,137192,13,0,0,40,0,1,1,0,0,1,1,0,1,0,1,0
45,247379,10,0,0,50,0,1,1,0,1,0,1,0,0,1,0,1
38,203717,13,0,0,60,0,1,1,0,0,1,1,0,0,1,0,1
46,219611,10,0,0,40,0,1,1,0,1,0,1,0,0,1,0,1
49,262116,15,0,0,48,0,1,1,0,1,0,1,0,0,1,0,1
60,200047,14,0,0,40,0,1,1,0,1,0,1,0,0,1,0,1
48,118158,12,0,0,44,0,1,1,0,0,1,1,0,0,1,0,1
37,112497,13,0,0,60,0,1,1,0,0,1,1,0,0,1,0,1
48,115585,13,0,0,40,0,1,1,0,0,1,1,0,0,1,0,1
67,72776,10,10566,0,15,0,1,1,0,0,1,1,0,0,1,0,1
63,164435,10,0,0,50,0,1,1,0,1,0,1,0,0,1,0,1
39,214816,13,0,0,60,0,1,1,0,1,0,1,0,0,1,0,1
48,109275,10,0,0,40,0,1,1,0,1,0,1,0,0,1,0,1
47,216999,13,0,0,50,0,1,1,0,1,0,1,0,0,1,0,1
28,132686,13,0,0,55,0,1,1,0,1,0,1,0,0,1,0,1
58,292379,13,0,0,40,1,0,1,0,1,0,1,0,0,1,0,1
