sex,age,fnlwgt,education-num,capital-gain,capital-loss,hours-per-week,workclass_Non-Private,workclass_Private,marital-status_Married,marital-status_Non-Married,occupation_Managerial-Specialist,occupation_Other,relationship_Husband,relationship_Non-Husband,race_Non-White,race_White,native-country_Non-US,native-country_US
1,59,75867,14,0,0,60,0,1,1,0,1,0,1,0,0,1,0,1
1,34,532379,10,0,0,40,0,1,1,0,0,1,1,0,0,1,0,1
0,41,112763,10,0,0,35,0,1,1,0,1,0,0,1,0,1,0,1
1,40,144067,11,0,0,40,0,1,1,0,0,1,1,0,0,1,0,1
1,31,114937,13,0,0,35,0,1,1,0,1,0,1,0,0,1,0,1
1,31,137978,13,0,0,40,0,1,1,0,1,0,1,0,0,1,0,1
0,39,160916,12,0,0,45,0,1,1,0,0,1,0,1,0,1,0,1
1,38,203717,13,0,0,60,0,1,1,0,0,1,1,0,0,1,0,1
1,43,200508,13,0,0,40,1,0,1,0,0,1,1,0,0,1,0,1
1,59,93655,10,0,0,40,0,1,1,0,0,1,1,0,0,1,0,1
1,38,134444,10,0,0,72,1,0,1,0,0,1,1,0,0,1,0,1
1,31,152940,10,0,0,40,0,1,1,0,0,1,1,0,0,1,0,1
1,29,263005,14,0,0,45,0,1,1,0,1,0,1,0,0,1,1,0
1,31,400535,9,0,0,72,1,0,1,0,0,1,1,0,0,1,0,1
1,66,188842,13,0,0,24,1,0,1,0,1,0,1,0,0,1,0,1
0,49,170846,14,0,0,40,1,0,0,1,1,0,0,1,0,1,0,1
1,50,330142,10,0,0,44,0,1,1,0,0,1,1,0,0,1,0,1
1,44,211759,13,0,0,40,0,1,1,0,1,0,1,0,1,0,1,0
1,31,166248,9,0,0,40,0,1,1,0,1,0,1,0,0,1,0,1
1,47,159869,16,0,0,50,1,0,1,0,0,1,1,0,0,1,0,1
0,44,182383,10,0,0,35,0,1,1,0,1,0,0,1,0,1,0,1
1,56,182142,9,0,0,40,0,1,1,0,0,1,1,0,0,1,0,1
0,47,186311,13,0,0,50,0,1,0,1,1,0,0,1,0,1,0,1
1,36,175769,15,0,0,60,1,0,1,0,0,1,1,0,0,1,0,1
1,44,200194,10,0,0,40,0,1,1,0,0,1,1,0,0,1,0,1
0,44,57600,10,0,0,38,0,1,1,0,1,0,0,1,0,1,0,1
1,44,238188,12,0,0,40,0,1,1,0,0,1,1,0,0,1,0,1
1,52,29658,9,0,0,40,0,1,1,0,1,0,1,0,0,1,0,1
1,51,104748,10,0,0,45,0,1,1,0,1,0,1,0,0,1,0,1
1,35,475324,13,0,0,45,0,1,1,0,1,0,1,0,0,1,0,1
1,40,199303,9,0,0,40,0,1,1,0,1,0,1,0,0,1,0,1
1,42,89003,13,0,0,50,0,1,1,0,0,1,1,0,0,1,0,1
1,39,348960,9,0,0,40,0,1,1,0,0,1,1,0,0,1,0,1
1,34,66561,13,0,0,37,0,1,1,0,1,0,1,0,0,1,0,1
1,53,157059,9,0,0,50,0,1,1,0,1,0,1,0,0,1,0,1
1,44,177851,15,0,0,60,1,0,1,0,1,0,1,0,0,1,0,1
1,42,116632,10,0,0,60,0,1,1,0,0,1,1,0,0,1,0,1
1,57,214619,10,0,0,40,0,1,1,0,0,1,1,0,0,1,0,1
1,37,199265,10,0,0,50,1,0,1,0,1,0,1,0,0,1,0,1
1,47,198901,9,0,0,48,0,1,1,0,0,1,1,0,0,1,0,1
1,33,29144,11,0,0,40,1,0,1,0,0,1,1,0,0,1,0,1
1,38,256864,11,0,0,40,1,0,1,0,1,0,1,0,0,1,0,1
1,28,296450,13,0,0,40,0,1,1,0,1,0,1,0,0,1,0,1
1,45,192323,12,0,0,66,0,1,1,0,0,1,1,0,0,1,1,0
1,30,183620,9,0,0,45,0,1,1,0,0,1,1,0,0,1,0,1
1,38,158363,10,0,0,40,0,1,1,0,0,1,1,0,0,1,0,1
1,28,175343,13,0,0,40,0,1,1,0,0,1,1,0,0,1,0,1
1,31,154227,10,0,0,40,0,1,1,0,0,1,1,0,0,1,0,1
1,39,91039,14,0,0,45,1,0,1,0,1,0,1,0,0,1,0,1
1,49,390746,13,0,1672,45,0,1,1,0,1,0,1,0,0,1,1,0
1,31,249869,9,0,0,40,0,1,1,0,0,1,1,0,0,1,0,1
1,28,106721,14,0,0,40,1,0,1,0,1,0,1,0,0,1,0,1
0,59,193375,14,0,0,10,0,1,1,0,1,0,0,1,0,1,0,1
0,57,89392,14,0,0,40,0,1,0,1,1,0,0,1,0,1,0,1
1,54,310774,13,0,0,40,1,0,1,0,0,1,1,0,0,1,0,1
1,56,146326,9,0,0,50,0,1,1,0,0,1,1,0,0,1,0,1
0,37,189251,16,0,0,40,0,1,0,1,1,0,0,1,0,1,0,1
1,44,32000,13,0,0,45,0,1,1,0,0,1,1,0,0,1,0,1
1,36,184659,10,0,0,52,0,1,1,0,1,0,1,0,0,1,0,1
1,25,208881,13,0,0,60,0,1,1,0,1,0,1,0,0,1,0,1
1,38,360494,15,0,0,50,1,0,0,1,1,0,0,1,0,1,0,1
1,36,186934,10,0,0,55,1,0,1,0,0,1,1,0,0,1,0,1
1,30,167476,10,0,0,60,0,1,1,0,0,1,1,0,0,1,0,1
1,53,221672,8,0,0,40,0,1,1,0,0,1,1,0,0,1,0,1
1,44,115932,14,0,0,40,1,0,1,0,1,0,1,0,0,1,0,1
1,54,146310,9,0,0,50,0,1,1,0,0,1,1,0,0,1,0,1
1,47,402975,10,0,0,40,1,0,1,0,1,0,1,0,1,0,0,1
1,42,321086,14,0,0,50,0,1,1,0,1,0,1,0,0,1,0,1
1,28,142443,13,0,0,50,1,0,1,0,1,0,1,0,0,1,0,1
1,36,414683,13,0,0,40,0,1,1,0,1,0,1,0,1,0,0,1
1,62,213700,16,0,0,50,1,0,0,1,1,0,0,1,0,1,0,1
1,33,589155,10,0,0,50,0,1,1,0,1,0,1,0,0,1,0,1
1,56,245215,16,0,0,50,0,1,1,0,1,0,1,0,0,1,0,1
1,44,186790,14,0,0,48,0,1,1,0,1,0,1,0,0,1,0,1
1,30,345122,15,0,0,50,0,1,1,0,1,0,1,0,0,1,0,1
1,28,419740,13,0,0,52,1,0,0,1,1,0,0,1,0,1,0,1
1,40,145160,10,0,0,43,0,1,1,0,1,0,1,0,0,1,0,1
1,46,330901,10,0,0,40,1,0,1,0,1,0,1,0,1,0,0,1
1,43,416338,13,0,0,50,0,1,0,1,0,1,0,1,0,1,0,1
1,34,313729,10,0,0,50,1,0,1,0,0,1,1,0,0,1,0,1
1,36,116358,14,0,0,45,0,1,1,0,1,0,1,0,1,0,1,0
1,35,308489,13,0,0,50,0,1,1,0,0,1,1,0,1,0,0,1
0,79,146244,16,0,0,40,1,0,0,1,1,0,0,1,0,1,0,1
1,55,243929,14,0,0,60,0,1,1,0,1,0,1,0,0,1,0,1
1,61,178312,10,0,0,40,1,0,1,0,1,0,1,0,0,1,0,1
0,38,313914,13,0,0,45,0,1,0,1,0,1,0,1,0,1,0,1
1,40,45093,14,0,0,50,1,0,1,0,1,0,1,0,0,1,0,1
1,50,165001,13,0,0,50,0,1,1,0,0,1,1,0,0,1,0,1
1,37,122493,9,0,0,45,0,1,1,0,0,1,1,0,0,1,0,1
1,55,304695,15,0,0,55,1,0,1,0,1,0,1,0,0,1,0,1
1,48,182211,10,0,0,45,0,1,1,0,0,1,1,0,0,1,0,1
1,60,98350,10,0,0,60,1,0,1,0,0,1,1,0,1,0,1,0
1,33,260560,9,0,0,40,0,1,1,0,1,0,1,0,0,1,0,1
1,47,216999,13,0,0,50,0,1,1,0,1,0,1,0,0,1,0,1
1,37,102953,9,0,0,40,0,1,1,0,0,1,1,0,0,1,0,1
1,39,181553,13,0,0,55,0,1,0,1,1,0,0,1,0,1,0,1
0,28,302903,13,0,1485,40,0,1,1,0,1,0,0,1,1,0,0,1
1,41,193524,9,0,1485,40,0,1,1,0,0,1,1,0,0,1,0,1
1,28,119128,12,0,0,40,0,1,1,0,1,0,1,0,0,1,0,1
1,38,156728,13,0,0,56,0,1,1,0,1,0,1,0,0,1,0,1
1,50,228057,9,0,0,40,0,1,1,0,0,1,1,0,0,1,0,1
1,43,201723,9,0,0,40,0,1,1,0,0,1,1,0,0,1,0,1
1,40,33331,10,0,0,50,0,1,1,0,0,1,1,0,0,1,0,1
1,44,282192,12,0,0,60,0,1,1,0,1,0,1,0,1,0,0,1
0,35,343403,16,0,0,20,0,1,1,0,0,1,0,1,0,1,0,1
1,22,40767,10,0,0,40,1,0,1,0,0,1,1,0,0,1,0,1
1,48,115585,13,0,0,40,0,1,1,0,0,1,1,0,0,1,0,1
1,53,110747,9,0,0,40,0,1,1,0,0,1,1,0,0,1,0,1
0,45,384627,14,2580,0,18,1,0,1,0,1,0,0,1,0,1,0,1
1,66,179951,13,0,0,70,1,0,1,0,1,0,1,0,0,1,0,1
1,37,192939,9,0,0,40,0,1,1,0,0,1,1,0,0,1,0,1
1,55,249072,9,0,0,60,0,1,1,0,0,1,1,0,0,1,0,1
1,42,201522,13,0,0,60,1,0,1,0,0,1,1,0,0,1,0,1
1,49,71195,14,0,0,60,0,1,0,1,1,0,0,1,0,1,0,1
1,50,248619,9,0,0,40,0,1,1,0,0,1,1,0,0,1,0,1
1,42,47012,13,0,0,40,0,1,1,0,0,1,1,0,0,1,0,1
1,50,177487,9,0,0,40,0,1,1,0,0,1,1,0,0,1,0,1
1,42,204235,9,0,0,40,0,1,1,0,0,1,1,0,0,1,0,1
0,38,199346,10,0,0,45,1,0,1,0,1,0,0,1,0,1,0,1
1,48,191858,10,0,0,40,0,1,1,0,0,1,1,0,0,1,0,1
1,40,301007,13,0,0,60,1,0,1,0,1,0,1,0,0,1,0,1
0,53,166386,13,0,0,40,0,1,1,0,1,0,0,1,1,0,1,0
1,31,215297,9,0,0,45,0,1,1,0,0,1,1,0,0,1,0,1
1,48,377757,6,0,0,70,0,1,1,0,0,1,1,0,0,1,0,1
0,53,260106,15,0,0,50,1,0,0,1,1,0,0,1,0,1,0,1
1,50,158284,10,0,0,40,0,1,1,0,1,0,1,0,0,1,0,1
1,31,187689,13,0,0,40,1,0,1,0,1,0,1,0,0,1,0,1
1,60,248160,9,0,0,40,0,1,1,0,0,1,1,0,0,1,0,1
1,61,172037,9,0,0,40,0,1,1,0,0,1,1,0,0,1,0,1
0,50,235567,9,0,0,52,0,1,1,0,1,0,0,1,0,1,0,1
1,46,245724,13,3818,0,44,0,1,1,0,1,0,1,0,0,1,0,1
0,51,122109,10,0,0,35,0,1,1,0,1,0,0,1,0,1,0,1
1,41,98823,13,0,0,50,1,0,1,0,1,0,1,0,0,1,0,1
0,58,294313,10,0,0,55,1,0,1,0,1,0,0,1,1,0,0,1
1,55,141877,13,0,0,40,0,1,1,0,1,0,1,0,0,1,0,1
1,43,240124,11,0,0,40,0,1,1,0,0,1,1,0,0,1,0,1
1,26,272618,13,0,0,55,0,1,1,0,0,1,1,0,0,1,0,1
0,44,421449,9,0,0,40,0,1,0,1,1,0,0,1,0,1,0,1
1,35,335704,10,0,0,40,1,0,1,0,1,0,1,0,0,1,0,1
1,42,194636,13,0,0,40,0,1,1,0,1,0,1,0,0,1,0,1
1,32,347623,9,0,0,40,0,1,1,0,1,0,1,0,0,1,0,1
1,47,287480,14,0,0,40,1,0,1,0,1,0,1,0,0,1,0,1
1,35,226789,10,0,0,58,0,1,1,0,1,0,1,0,0,1,0,1
1,43,484861,10,4064,0,38,0,1,1,0,0,1,1,0,0,1,0,1
1,57,180636,10,0,0,40,0,1,1,0,0,1,1,0,0,1,0,1
1,50,174964,6,0,0,99,0,1,1,0,0,1,1,0,0,1,0,1
1,36,170842,14,0,0,35,0,1,1,0,1,0,1,0,0,1,0,1
0,42,335846,13,0,0,50,0,1,0,1,1,0,0,1,0,1,0,1
1,35,28996,11,0,0,40,1,0,1,0,0,1,1,0,0,1,0,1
1,34,158688,10,0,0,45,0,1,1,0,1,0,1,0,0,1,0,1
1,45,154174,9,0,0,50,0,1,1,0,0,1,1,0,0,1,0,1
0,33,101562,14,0,0,40,0,1,0,1,1,0,0,1,0,1,0,1
1,32,199227,13,0,0,55,1,0,1,0,1,0,1,0,0,1,0,1
1,26,131777,13,0,2002,40,0,1,1,0,0,1,1,0,0,1,0,1
1,35,32528,10,0,0,40,0,1,1,0,1,0,1,0,0,1,0,1
1,41,73199,13,0,0,40,1,0,1,0,1,0,1,0,1,0,0,1
1,30,443546,11,0,0,35,1,0,1,0,0,1,1,0,0,1,0,1
1,42,116493,13,0,0,52,1,0,1,0,0,1,1,0,0,1,0,1
1,29,160786,9,0,0,55,1,0,1,0,1,0,1,0,0,1,0,1
1,67,105252,10,7978,0,35,0,1,0,1,1,0,0,1,0,1,0,1
1,44,56651,13,0,0,52,1,0,1,0,1,0,1,0,0,1,0,1
0,57,158077,13,0,0,40,0,1,1,0,0,1,0,1,0,1,0,1
1,44,230684,9,0,0,45,0,1,1,0,0,1,1,0,0,1,0,1
1,39,168355,9,0,0,70,1,0,1,0,1,0,1,0,0,1,0,1
1,39,327164,14,0,0,45,1,0,1,0,1,0,1,0,0,1,0,1
1,39,372130,14,5013,0,56,1,0,1,0,1,0,1,0,1,0,0,1
1,31,202729,9,0,0,50,0,1,1,0,0,1,1,0,0,1,0,1
1,48,227714,13,0,0,60,0,1,1,0,0,1,1,0,0,1,0,1
1,40,101593,13,0,0,50,0,1,1,0,1,0,1,0,0,1,0,1
1,43,184099,12,0,0,40,0,1,1,0,0,1,1,0,0,1,0,1
1,46,27802,11,0,0,40,0,1,1,0,1,0,1,0,0,1,0,1
1,42,268183,13,0,1485,60,0,1,1,0,1,0,1,0,0,1,0,1
1,40,218653,10,0,0,40,0,1,1,0,1,0,1,0,0,1,0,1
1,53,182907,9,0,0,40,1,0,1,0,0,1,1,0,0,1,0,1
0,45,189564,14,0,0,1,0,1,1,0,0,1,0,1,0,1,0,1
1,52,289804,13,0,0,40,1,0,1,0,1,0,1,0,1,0,0,1
1,59,91384,13,0,0,40,0,1,1,0,1,0,1,0,0,1,0,1
0,36,54229,12,0,0,37,0,1,1,0,1,0,0,1,0,1,0,1
1,45,191098,13,0,0,40,0,1,1,0,1,0,1,0,1,0,1,0
0,42,340148,10,0,0,40,1,0,1,0,1,0,0,1,0,1,0,1
1,44,107584,14,3908,0,50,0,1,1,0,1,0,1,0,0,1,0,1
1,43,396116,9,0,0,40,1,0,1,0,0,1,1,0,0,1,0,1
1,56,134286,10,0,0,45,0,1,1,0,1,0,1,0,0,1,0,1
1,65,42488,15,2653,0,8,1,0,1,0,1,0,1,0,0,1,0,1
1,45,120724,14,4386,0,40,0,1,1,0,1,0,1,0,0,1,0,1
1,50,173754,9,0,0,40,0,1,1,0,0,1,1,0,0,1,0,1
0,63,170529,13,0,0,45,0,1,1,0,0,1,0,1,1,0,0,1
0,60,113658,10,0,0,35,1,0,1,0,1,0,0,1,0,1,0,1
1,43,151504,9,0,0,40,0,1,1,0,0,1,1,0,0,1,0,1
1,53,385183,10,0,0,60,1,0,1,0,0,1,1,0,0,1,0,1
0,38,187983,15,0,0,40,0,1,1,0,0,1,0,1,0,1,0,1
1,30,34574,14,0,0,50,0,1,1,0,1,0,1,0,0,1,0,1
1,34,377850,10,0,0,50,0,1,1,0,1,0,1,0,0,1,0,1
1,47,243631,13,0,0,40,1,0,1,0,1,0,1,0,1,0,1,0
0,40,193385,15,0,0,40,0,1,1,0,1,0,0,1,1,0,1,0
1,28,285897,13,0,0,40,0,1,1,0,1,0,1,0,0,1,0,1
1,44,220563,10,0,0,40,1,0,1,0,0,1,1,0,0,1,0,1
1,28,51461,14,0,0,60,0,1,1,0,1,0,1,0,0,1,0,1
1,37,224566,9,0,0,40,0,1,1,0,0,1,1,0,0,1,0,1
0,52,131662,13,0,0,45,0,1,0,1,1,0,0,1,0,1,0,1
1,30,361742,10,0,0,50,0,1,1,0,1,0,1,0,0,1,0,1
1,52,152795,10,0,0,40,1,0,1,0,0,1,1,0,0,1,0,1
1,28,219705,13,5013,0,55,1,0,1,0,1,0,1,0,0,1,0,1
1,44,198452,9,0,0,40,0,1,1,0,0,1,1,0,0,1,0,1
1,58,110199,4,0,0,40,1,0,1,0,0,1,1,0,0,1,0,1
1,33,117186,13,0,0,45,0,1,1,0,1,0,1,0,0,1,0,1
1,36,218490,11,0,0,60,0,1,1,0,0,1,1,0,0,1,0,1
1,28,212588,10,0,0,40,0,1,1,0,0,1,1,0,0,1,0,1
0,32,302845,9,0,0,48,0,1,1,0,1,0,0,1,0,1,0,1
1,50,281504,10,0,0,40,0,1,1,0,0,1,1,0,0,1,0,1
1,50,141875,9,0,0,40,1,0,1,0,0,1,1,0,0,1,0,1
1,35,99156,13,0,0,50,0,1,0,1,0,1,0,1,0,1,0,1
1,49,23776,10,0,0,40,0,1,1,0,1,0,1,0,0,1,0,1
1,52,145409,9,0,0,40,0,1,1,0,0,1,1,0,0,1,0,1
1,53,549341,13,0,0,35,1,0,1,0,1,0,1,0,1,0,0,1
0,43,424094,16,0,0,40,1,0,0,1,1,0,0,1,0,1,0,1
1,42,90693,13,0,0,70,1,0,1,0,1,0,1,0,0,1,0,1
1,32,218322,9,0,0,40,0,1,1,0,0,1,1,0,0,1,0,1
1,42,154374,13,0,0,58,0,1,1,0,0,1,1,0,0,1,0,1
1,41,120277,13,0,0,40,1,0,1,0,1,0,1,0,0,1,1,0
0,28,192010,13,0,0,35,0,1,1,0,0,1,0,1,0,1,0,1
1,37,254202,13,0,0,50,0,1,1,0,0,1,1,0,0,1,0,1
1,68,535762,10,0,1844,10,0,1,1,0,1,0,1,0,0,1,0,1
1,61,232719,14,0,0,50,0,1,1,0,1,0,1,0,0,1,0,1
1,35,31023,13,0,0,45,0,1,1,0,0,1,1,0,0,1,0,1
1,36,153205,13,0,0,45,0,1,1,0,1,0,1,0,1,0,1,0
1,37,282461,10,0,0,60,1,0,1,0,1,0,1,0,0,1,0,1
1,34,182926,9,0,0,40,1,0,1,0,0,1,1,0,0,1,0,1
1,49,175622,14,0,0,40,0,1,1,0,1,0,1,0,0,1,0,1
1,54,102828,9,0,0,49,0,1,1,0,0,1,1,0,0,1,0,1
1,55,103948,11,0,0,60,1,0,1,0,1,0,1,0,0,1,0,1
1,38,297767,14,0,0,40,0,1,1,0,1,0,1,0,1,0,0,1
1,45,247053,9,0,0,40,1,0,1,0,0,1,1,0,0,1,0,1
1,54,96062,13,0,0,40,0,1,1,0,1,0,1,0,0,1,0,1
1,64,211222,13,0,0,40,1,0,1,0,1,0,1,0,0,1,0,1
1,31,437200,10,0,0,40,0,1,1,0,0,1,1,0,0,1,1,0
0,46,142210,9,0,0,25,1,0,1,0,1,0,0,1,0,1,0,1
1,48,180532,11,0,0,40,0,1,1,0,0,1,1,0,0,1,0,1
1,53,155963,13,0,0,30,0,1,1,0,0,1,1,0,0,1,0,1
0,58,181974,16,0,0,99,1,0,0,1,1,0,0,1,0,1,0,1
0,60,165792,14,0,0,8,1,0,1,0,1,0,0,1,0,1,0,1
0,41,306405,10,0,0,40,0,1,1,0,0,1,0,1,0,1,0,1
1,41,413365,9,0,0,40,0,1,1,0,0,1,1,0,1,0,0,1
1,33,79580,13,0,0,40,1,0,1,0,1,0,1,0,1,0,0,1
1,33,173495,9,0,0,50,1,0,1,0,0,1,1,0,0,1,0,1
1,42,138634,9,0,0,40,0,1,1,0,0,1,1,0,0,1,0,1
1,41,253189,10,0,0,40,0,1,1,0,0,1,1,0,0,1,0,1
1,43,200835,9,0,0,40,0,1,1,0,0,1,1,0,0,1,0,1
1,45,201865,13,0,0,40,0,1,0,1,1,0,0,1,0,1,0,1
1,35,147548,9,0,0,60,0,1,1,0,0,1,1,0,0,1,0,1
1,49,334787,9,0,0,40,0,1,1,0,0,1,1,0,0,1,0,1
1,52,172962,13,0,0,40,0,1,1,0,1,0,1,0,0,1,0,1
1,38,245372,10,3137,0,50,1,0,1,0,1,0,1,0,0,1,0,1
1,37,84306,10,0,0,40,0,1,1,0,0,1,1,0,0,1,0,1
1,46,59287,10,0,0,40,0,1,1,0,0,1,1,0,0,1,0,1
1,55,105304,9,0,0,40,0,1,1,0,1,0,1,0,0,1,0,1
0,44,175943,13,0,0,20,0,1,1,0,1,0,0,1,0,1,0,1
1,46,192835,10,0,0,48,0,1,1,0,0,1,1,0,0,1,0,1
1,29,127892,13,0,0,45,0,1,1,0,0,1,1,0,0,1,0,1
0,58,34878,13,0,0,50,1,0,0,1,1,0,0,1,0,1,0,1
1,42,124692,9,0,0,40,0,1,1,0,0,1,1,0,0,1,0,1
1,55,136819,13,0,0,40,0,1,1,0,1,0,1,0,0,1,0,1
1,32,156464,9,0,0,40,0,1,1,0,0,1,1,0,0,1,0,1
0,45,170915,9,4865,0,40,1,0,0,1,0,1,0,1,0,1,0,1
0,30,100734,13,0,0,38,0,1,1,0,1,0,0,1,0,1,0,1
1,28,328949,15,0,0,60,0,1,1,0,1,0,1,0,0,1,0,1
1,38,278403,13,0,0,48,0,1,1,0,1,0,1,0,0,1,0,1
1,50,222020,9,0,0,40,0,1,1,0,0,1,1,0,0,1,0,1
1,36,167440,10,0,0,44,0,1,1,0,1,0,1,0,0,1,0,1
1,35,282951,13,0,0,70,0,1,1,0,1,0,1,0,0,1,0,1
1,38,239755,9,0,0,40,0,1,1,0,1,0,1,0,0,1,0,1
1,47,194698,9,0,0,50,0,1,1,0,0,1,1,0,0,1,0,1
0,42,204033,13,0,0,35,1,0,1,0,1,0,0,1,0,1,0,1
1,33,192256,13,0,0,50,1,0,1,0,0,1,1,0,0,1,0,1
1,58,143266,9,0,0,40,0,1,1,0,0,1,1,0,0,1,0,1
0,47,149116,14,0,0,50,1,0,0,1,1,0,0,1,0,1,0,1
1,50,38795,13,0,0,50,0,1,1,0,1,0,1,0,0,1,0,1
1,52,91689,10,0,0,40,1,0,1,0,0,1,1,0,0,1,0,1
1,30,119164,13,0,0,40,0,1,0,1,0,1,0,1,0,1,0,1
1,62,129246,9,0,0,40,0,1,1,0,1,0,1,0,0,1,0,1
1,44,56651,12,0,0,42,0,1,1,0,1,0,1,0,0,1,0,1
0,27,104017,13,0,1628,50,0,1,1,0,1,0,0,1,0,1,0,1
1,47,159399,11,0,0,45,1,0,1,0,0,1,1,0,0,1,0,1
1,38,277347,9,0,0,50,0,1,1,0,0,1,1,0,0,1,0,1
1,49,191277,10,0,0,40,0,1,1,0,0,1,1,0,0,1,0,1
0,53,35305,13,0,0,57,1,0,0,1,1,0,0,1,0,1,0,1
1,30,121775,13,0,0,40,0,1,1,0,0,1,1,0,0,1,0,1
0,30,217296,11,0,0,35,0,1,1,0,1,0,0,1,0,1,0,1
1,40,243580,13,0,0,48,1,0,1,0,1,0,1,0,0,1,0,1
1,61,176689,9,0,0,40,0,1,1,0,0,1,1,0,0,1,0,1
1,23,258120,10,0,0,40,1,0,1,0,0,1,1,0,0,1,0,1
0,41,297186,9,0,0,40,0,1,1,0,0,1,0,1,0,1,0,1
1,48,148549,12,0,0,50,0,1,1,0,1,0,1,0,0,1,0,1
1,44,204235,9,0,0,40,0,1,1,0,0,1,1,0,0,1,0,1
1,34,80058,15,0,0,50,0,1,0,1,1,0,0,1,0,1,0,1
1,51,202956,11,0,0,40,0,1,1,0,0,1,1,0,0,1,0,1
1,38,200352,13,0,0,50,0,1,1,0,1,0,1,0,0,1,0,1
1,37,170718,9,0,0,40,0,1,1,0,1,0,1,0,0,1,0,1
1,34,199227,10,0,0,55,0,1,1,0,1,0,1,0,0,1,0,1
0,32,235109,13,0,0,40,1,0,1,0,1,0,0,1,0,1,0,1
1,34,251421,9,0,0,40,0,1,1,0,0,1,1,0,0,1,0,1
1,55,135803,13,0,1579,35,0,1,1,0,1,0,1,0,1,0,1,0
0,31,32406,10,0,0,40,0,1,1,0,1,0,0,1,0,1,0,1
1,50,185283,10,0,0,40,0,1,1,0,0,1,1,0,0,1,0,1
1,54,197184,13,0,0,38,1,0,1,0,1,0,1,0,0,1,0,1
1,64,267198,15,0,0,16,0,1,1,0,0,1,1,0,0,1,0,1
1,55,255364,10,0,0,40,0,1,1,0,1,0,1,0,0,1,0,1
1,45,120121,13,0,0,50,0,1,1,0,0,1,1,0,0,1,0,1
1,66,298834,10,0,0,40,0,1,1,0,0,1,1,0,0,1,1,0
1,42,206066,14,0,0,65,1,0,1,0,1,0,1,0,0,1,0,1
1,47,269620,10,0,0,40,0,1,1,0,1,0,1,0,0,1,0,1
1,41,171351,10,0,0,40,0,1,1,0,0,1,1,0,0,1,0,1
0,39,43702,11,0,0,37,1,0,1,0,1,0,0,1,0,1,0,1
1,51,199688,10,0,0,45,0,1,1,0,1,0,1,0,0,1,0,1
0,35,182467,11,0,0,44,0,1,1,0,0,1,0,1,0,1,0,1
1,54,115912,10,0,0,40,0,1,1,0,0,1,1,0,0,1,0,1
1,37,143368,16,0,0,60,1,0,1,0,1,0,1,0,0,1,0,1
0,39,119421,13,0,0,42,1,0,1,0,1,0,0,1,0,1,0,1
1,42,294431,14,0,0,40,1,0,1,0,1,0,1,0,0,1,0,1
1,45,362883,10,0,0,40,0,1,1,0,0,1,1,0,0,1,0,1
1,37,38948,13,0,0,40,1,0,1,0,1,0,1,0,0,1,0,1
1,50,27432,13,0,0,30,0,1,1,0,1,0,1,0,0,1,0,1
1,52,120914,10,0,0,40,0,1,1,0,0,1,1,0,0,1,0,1
1,38,358682,10,0,0,40,0,1,1,0,0,1,1,0,0,1,0,1
0,44,164678,14,0,0,45,0,1,1,0,1,0,0,1,0,1,0,1
1,43,403276,9,0,0,40,0,1,1,0,0,1,1,0,0,1,0,1
0,48,125120,10,0,0,37,0,1,1,0,1,0,0,1,0,1,0,1
1,33,250804,13,0,0,50,0,1,1,0,1,0,1,0,0,1,1,0
1,31,155914,10,0,0,40,0,1,1,0,0,1,1,0,0,1,0,1
1,46,122026,9,0,0,50,0,1,1,0,0,1,1,0,0,1,0,1
1,51,78631,10,0,0,60,1,0,1,0,1,0,1,0,1,0,0,1
1,59,32446,9,0,0,40,0,1,1,0,0,1,1,0,0,1,0,1
1,57,31532,13,0,0,40,0,1,1,0,0,1,1,0,0,1,0,1
1,67,40021,16,0,0,40,0,1,1,0,1,0,1,0,0,1,0,1
0,29,138597,12,0,0,40,1,0,0,1,1,0,0,1,1,0,0,1
1,33,175502,13,0,0,60,1,0,1,0,1,0,1,0,0,1,0,1
1,67,226092,10,0,0,44,1,0,1,0,0,1,1,0,0,1,0,1
0,52,230095,10,0,0,40,1,0,1,0,1,0,0,1,0,1,0,1
1,67,81413,9,0,0,40,1,0,1,0,0,1,1,0,0,1,0,1
1,38,152621,13,0,0,99,1,0,1,0,0,1,1,0,0,1,0,1
1,50,256861,9,0,0,80,0,1,1,0,0,1,1,0,0,1,0,1
1,36,27408,11,0,0,60,1,0,1,0,0,1,1,0,0,1,0,1
1,34,234386,12,0,0,50,0,1,0,1,0,1,0,1,0,1,0,1
1,52,201310,13,0,0,40,0,1,0,1,1,0,0,1,0,1,0,1
1,40,156526,13,0,0,40,0,1,1,0,1,0,1,0,0,1,0,1
1,64,209899,10,0,0,35,1,0,1,0,0,1,1,0,0,1,0,1
1,47,192776,13,0,0,50,0,1,1,0,1,0,1,0,0,1,0,1
1,47,148549,13,0,0,50,0,1,1,0,1,0,1,0,0,1,0,1
1,41,146659,13,0,0,70,0,1,1,0,1,0,1,0,0,1,0,1
1,36,74791,13,0,0,60,0,1,1,0,0,1,0,1,0,1,0,1
1,48,233802,14,0,0,45,0,1,1,0,1,0,1,0,1,0,0,1
1,48,107231,13,0,0,40,0,1,1,0,1,0,1,0,0,1,0,1
1,53,158746,10,0,0,40,0,1,1,0,0,1,1,0,0,1,0,1
1,41,34037,9,0,0,99,1,0,1,0,0,1,1,0,0,1,0,1
0,54,138026,9,0,0,40,0,1,1,0,1,0,0,1,0,1,0,1
0,49,288548,14,0,0,50,1,0,0,1,1,0,0,1,0,1,0,1
1,32,140092,13,0,0,55,0,1,1,0,1,0,1,0,0,1,0,1
1,34,30673,14,0,0,55,0,1,1,0,1,0,1,0,0,1,0,1
0,52,95872,14,0,0,55,0,1,0,1,1,0,0,1,0,1,0,1
1,44,227399,11,0,0,40,0,1,1,0,1,0,1,0,1,0,0,1
1,37,196348,10,0,0,40,1,0,1,0,1,0,1,0,0,1,0,1
1,65,111916,9,0,0,40,0,1,1,0,1,0,1,0,0,1,0,1
1,50,104849,15,0,0,40,1,0,1,0,1,0,1,0,1,0,1,0
1,38,114059,10,0,0,60,0,1,1,0,0,1,1,0,0,1,0,1
1,47,149366,13,0,0,40,0,1,1,0,1,0,1,0,0,1,1,0
1,50,221791,12,0,0,40,0,1,1,0,0,1,1,0,1,0,0,1
1,46,343579,13,0,0,77,0,1,1,0,0,1,1,0,0,1,0,1
1,54,94055,13,0,0,40,0,1,1,0,0,1,1,0,0,1,0,1
1,49,125892,9,0,0,40,0,1,1,0,0,1,1,0,0,1,0,1
1,44,468706,9,0,0,40,1,0,1,0,0,1,1,0,1,0,0,1
0,43,95634,13,0,0,45,0,1,1,0,0,1,0,1,1,0,0,1
0,58,169590,10,0,0,40,0,1,1,0,0,1,0,1,0,1,0,1
0,52,111722,10,0,0,72,1,0,1,0,1,0,0,1,0,1,0,1
1,39,108540,9,0,0,40,0,1,1,0,0,1,1,0,0,1,0,1
0,53,135643,13,0,0,50,1,0,1,0,1,0,0,1,1,0,1,0
0,17,304873,6,34095,0,32,1,0,0,1,0,1,0,1,0,1,0,1
0,34,114733,12,0,0,36,1,0,1,0,1,0,0,1,0,1,0,1
0,38,498411,10,0,0,40,1,0,1,0,1,0,0,1,0,1,0,1
1,46,168796,13,0,0,55,1,0,1,0,0,1,1,0,0,1,0,1
1,43,188436,15,0,0,40,0,1,0,1,1,0,0,1,0,1,0,1
1,55,133201,14,0,0,50,1,0,1,0,1,0,1,0,0,1,0,1
1,71,181301,9,0,0,40,0,1,1,0,0,1,1,0,0,1,0,1
1,54,77336,9,0,0,40,0,1,1,0,0,1,1,0,0,1,0,1
1,44,210525,13,0,0,40,0,1,1,0,0,1,1,0,0,1,0,1
1,38,176101,13,0,0,40,0,1,1,0,1,0,1,0,0,1,0,1
1,66,97847,13,0,0,50,1,0,1,0,0,1,1,0,0,1,0,1
1,36,160728,9,0,0,60,0,1,1,0,1,0,1,0,0,1,0,1
1,53,88506,13,0,0,40,1,0,1,0,1,0,1,0,0,1,0,1
1,28,188278,13,0,0,55,1,0,1,0,0,1,1,0,0,1,0,1
0,37,89559,9,0,0,40,0,1,1,0,1,0,0,1,0,1,0,1
1,43,168071,9,0,0,44,0,1,1,0,1,0,1,0,0,1,0,1
1,44,127592,13,0,0,40,0,1,1,0,0,1,1,0,0,1,0,1
1,38,181721,13,0,0,40,1,0,1,0,1,0,1,0,1,0,0,1
1,59,152731,6,0,0,40,0,1,1,0,0,1,1,0,0,1,0,1
1,52,51048,13,0,0,55,1,0,1,0,0,1,1,0,0,1,0,1
1,42,77373,10,0,0,38,0,1,1,0,0,1,1,0,0,1,0,1
0,34,143083,11,0,0,18,0,1,1,0,1,0,0,1,0,1,0,1
1,49,350759,9,0,0,40,0,1,1,0,0,1,1,0,0,1,0,1
1,53,201127,9,0,0,40,0,1,1,0,0,1,1,0,0,1,0,1
0,38,166585,13,0,0,55,0,1,0,1,1,0,0,1,0,1,0,1
1,40,32627,14,0,0,60,0,1,1,0,1,0,1,0,0,1,0,1
0,30,137991,11,0,0,41,0,1,0,1,0,1,0,1,0,1,0,1
1,56,286487,9,2885,0,45,0,1,1,0,0,1,1,0,0,1,0,1
1,70,379819,10,10566,0,40,1,0,1,0,0,1,1,0,0,1,0,1
0,41,185132,13,0,0,45,0,1,0,1,1,0,0,1,0,1,0,1
1,42,328581,14,0,0,55,1,0,1,0,1,0,1,0,0,1,0,1
1,33,227282,9,0,0,60,0,1,1,0,0,1,1,0,0,1,0,1
1,41,110562,13,0,0,40,0,1,1,0,1,0,1,0,0,1,0,1
1,49,60751,9,0,0,40,0,1,1,0,0,1,1,0,0,1,0,1
1,60,21101,9,0,0,50,1,0,1,0,0,1,1,0,1,0,0,1
1,39,223792,9,0,0,72,0,1,1,0,0,1,1,0,0,1,0,1
1,32,195447,13,0,0,45,1,0,1,0,0,1,1,0,0,1,0,1
1,54,146834,10,0,0,40,0,1,1,0,0,1,1,0,0,1,0,1
1,49,189792,14,0,0,60,0,1,1,0,1,0,1,0,0,1,0,1
1,41,173682,14,0,0,40,0,1,1,0,1,0,1,0,0,1,0,1
1,33,178463,9,0,0,40,0,1,1,0,0,1,1,0,0,1,0,1
1,39,305597,11,0,0,40,0,1,1,0,0,1,1,0,0,1,0,1
1,63,52750,13,0,0,40,1,0,1,0,0,1,1,0,0,1,0,1
0,30,131415,13,0,0,60,0,1,0,1,0,1,0,1,0,1,0,1
1,50,302372,13,0,0,40,0,1,1,0,1,0,1,0,0,1,0,1
1,37,76893,9,0,0,40,0,1,1,0,0,1,1,0,0,1,0,1
1,38,180342,13,0,0,40,0,1,1,0,1,0,1,0,0,1,0,1
1,36,290560,10,0,0,45,0,1,1,0,1,0,1,0,0,1,0,1
1,59,186308,14,0,0,50,1,0,1,0,1,0,1,0,0,1,0,1
1,37,193855,9,0,1902,50,0,1,1,0,0,1,1,0,0,1,0,1
1,56,265518,10,0,0,45,0,1,1,0,1,0,1,0,0,1,0,1
1,48,196571,10,0,0,40,0,1,1,0,0,1,1,0,0,1,0,1
1,49,164200,10,0,0,40,0,1,1,0,1,0,1,0,0,1,0,1
1,33,188861,9,0,0,40,0,1,1,0,1,0,1,0,0,1,0,1
1,55,52267,14,0,0,18,1,0,1,0,1,0,1,0,0,1,0,1
1,58,290661,9,0,0,40,0,1,1,0,0,1,1,0,0,1,0,1
1,58,110517,16,4064,0,40,1,0,1,0,1,0,1,0,1,0,1,0
0,51,268639,10,0,2057,60,1,0,1,0,1,0,0,1,0,1,1,0
1,48,443377,14,0,0,50,0,1,0,1,1,0,0,1,0,1,0,1
0,58,95428,14,0,0,40,0,1,0,1,1,0,0,1,0,1,0,1
1,52,392502,13,0,0,60,1,0,1,0,1,0,1,0,0,1,0,1
1,36,143385,10,0,0,40,1,0,1,0,0,1,1,0,0,1,0,1
0,36,187983,13,0,0,40,0,1,1,0,1,0,0,1,0,1,0,1
1,51,194097,9,0,0,40,0,1,1,0,0,1,1,0,0,1,0,1
1,54,118793,9,0,0,45,0,1,1,0,1,0,1,0,0,1,0,1
1,53,47396,9,0,0,40,0,1,1,0,0,1,1,0,0,1,0,1
1,51,207449,13,0,0,55,0,1,1,0,1,0,1,0,0,1,0,1
0,52,251841,14,0,0,50,1,0,0,1,1,0,0,1,0,1,0,1
1,29,95471,13,0,0,55,1,0,1,0,1,0,1,0,0,1,0,1
1,49,387074,10,0,0,40,0,1,1,0,0,1,1,0,0,1,0,1
1,40,421837,10,0,0,40,0,1,1,0,1,0,1,0,0,1,0,1
1,40,104892,13,0,0,40,0,1,1,0,0,1,1,0,0,1,0,1
1,22,32950,10,0,1902,37,1,0,1,0,0,1,1,0,0,1,0,1
1,45,199058,13,0,0,48,0,1,1,0,1,0,1,0,0,1,0,1
1,33,323811,10,0,0,55,0,1,1,0,1,0,1,0,0,1,0,1
1,29,289991,14,0,0,50,1,0,1,0,1,0,1,0,0,1,0,1
1,45,249935,13,0,0,60,0,1,1,0,0,1,1,0,0,1,0,1
1,45,193451,10,0,0,45,1,0,1,0,0,1,1,0,0,1,0,1
1,38,497788,9,0,0,50,0,1,1,0,0,1,1,0,0,1,0,1
1,44,220230,9,0,0,48,1,0,1,0,0,1,1,0,1,0,0,1
1,43,220647,13,0,2377,50,1,0,1,0,0,1,1,0,0,1,0,1
1,35,214738,9,0,0,48,0,1,1,0,0,1,1,0,0,1,0,1
1,28,356555,10,0,0,48,0,1,1,0,1,0,1,0,0,1,0,1
0,61,32423,9,22040,0,40,1,0,1,0,0,1,0,1,0,1,0,1
1,37,48779,13,0,0,40,1,0,1,0,1,0,1,0,0,1,0,1
1,64,195366,13,0,0,40,1,0,1,0,1,0,1,0,0,1,0,1
0,52,204584,13,0,0,42,0,1,0,1,1,0,0,1,0,1,0,1
0,40,110622,15,0,0,40,0,1,1,0,1,0,0,1,1,0,1,0
0,33,159442,13,0,0,40,0,1,1,0,0,1,0,1,0,1,0,1
1,35,217926,10,0,0,40,1,0,1,0,1,0,1,0,1,0,0,1
1,45,192053,13,0,0,50,0,1,1,0,0,1,1,0,0,1,0,1
1,38,339442,10,0,0,40,1,0,1,0,0,1,1,0,1,0,0,1
1,61,195789,9,0,0,40,0,1,1,0,0,1,1,0,0,1,0,1
1,46,123598,13,0,0,40,0,1,1,0,0,1,1,0,0,1,0,1
1,58,182123,9,0,0,44,0,1,1,0,1,0,1,0,0,1,0,1
1,52,262579,9,0,0,45,0,1,1,0,0,1,1,0,0,1,0,1
0,36,34173,13,0,0,20,0,1,1,0,1,0,0,1,0,1,0,1
0,30,127875,13,0,0,40,0,1,1,0,1,0,0,1,0,1,0,1
1,49,296892,9,0,0,40,0,1,1,0,0,1,1,0,0,1,1,0
1,31,356689,13,0,0,40,1,0,1,0,1,0,1,0,0,1,0,1
1,50,219420,16,0,0,64,1,0,0,1,0,1,0,1,0,1,0,1
1,61,274499,9,0,0,40,0,1,1,0,1,0,1,0,1,0,0,1
1,63,83043,13,0,2179,45,1,0,1,0,0,1,1,0,0,1,0,1
1,45,338105,13,0,0,40,0,1,1,0,1,0,1,0,1,0,1,0
1,44,219591,10,0,0,40,1,0,1,0,0,1,1,0,0,1,0,1
0,41,106982,13,0,0,52,1,0,1,0,1,0,0,1,0,1,0,1
1,41,253060,15,0,0,50,0,1,1,0,0,1,1,0,0,1,0,1
1,31,286911,10,0,0,38,1,0,1,0,1,0,1,0,0,1,0,1
0,43,171754,12,0,0,40,0,1,1,0,1,0,0,1,1,0,0,1
1,57,73051,13,0,0,40,0,1,1,0,1,0,1,0,0,1,0,1
1,42,200574,10,0,0,40,0,1,1,0,0,1,1,0,0,1,0,1
1,36,358682,13,0,0,50,0,1,0,1,1,0,0,1,0,1,0,1
1,32,154087,9,0,0,40,0,1,1,0,0,1,1,0,0,1,0,1
1,50,197189,14,0,0,60,0,1,1,0,0,1,1,0,0,1,0,1
0,52,54933,14,0,0,40,0,1,0,1,1,0,0,1,0,1,0,1
0,31,43953,13,0,0,35,0,1,1,0,1,0,0,1,0,1,0,1
1,62,197060,11,0,0,50,1,0,1,0,1,0,1,0,0,1,0,1
0,62,190873,13,0,0,40,0,1,1,0,0,1,0,1,0,1,0,1
1,47,194590,13,0,0,44,1,0,1,0,0,1,1,0,0,1,0,1
1,40,150533,13,0,0,40,1,0,1,0,1,0,0,1,0,1,0,1
1,28,92262,13,0,0,40,0,1,1,0,0,1,1,0,0,1,0,1
1,38,357173,9,0,0,40,0,1,1,0,0,1,1,0,0,1,0,1
1,28,204074,14,0,0,48,0,1,1,0,1,0,1,0,0,1,0,1
1,45,188432,9,0,0,40,0,1,1,0,0,1,1,0,0,1,0,1
1,54,128378,14,0,0,40,1,0,1,0,1,0,1,0,0,1,0,1
1,26,263300,12,0,0,75,1,0,1,0,0,1,1,0,0,1,0,1
1,32,136921,9,0,0,40,0,1,1,0,0,1,1,0,0,1,0,1
1,46,135854,9,0,0,40,1,0,1,0,0,1,1,0,1,0,0,1
1,39,342448,13,0,0,45,0,1,1,0,1,0,1,0,0,1,0,1
1,33,206609,13,0,0,45,0,1,1,0,1,0,1,0,0,1,0,1
1,37,237943,11,0,0,50,0,1,1,0,0,1,1,0,0,1,1,0
1,50,149433,9,0,0,45,1,0,1,0,0,1,1,0,0,1,0,1
1,57,36990,9,0,0,52,0,1,1,0,0,1,1,0,1,0,0,1
1,41,154668,10,0,0,40,0,1,1,0,1,0,1,0,0,1,0,1
0,46,175625,15,0,0,40,0,1,0,1,1,0,0,1,0,1,0,1
1,58,21383,9,0,0,40,1,0,1,0,1,0,1,0,0,1,0,1
1,51,96609,10,0,0,40,0,1,1,0,0,1,1,0,0,1,0,1
0,51,219599,9,0,0,40,0,1,1,0,1,0,0,1,0,1,0,1
1,54,386773,10,0,0,60,1,0,1,0,1,0,1,0,0,1,0,1
1,31,141817,13,0,0,40,0,1,1,0,0,1,1,0,0,1,0,1
1,47,255934,10,0,0,80,1,0,1,0,1,0,1,0,0,1,0,1
1,33,173858,13,0,0,40,0,1,1,0,1,0,0,1,1,0,1,0
1,38,140583,14,0,0,70,1,0,1,0,0,1,1,0,0,1,0,1
0,66,376506,16,3273,0,40,1,0,0,1,1,0,0,1,0,1,0,1
1,53,68985,9,0,0,40,1,0,1,0,1,0,1,0,0,1,0,1
1,47,209460,10,0,1485,47,0,1,1,0,0,1,1,0,0,1,0,1
1,56,170287,13,0,0,40,1,0,1,0,1,0,1,0,0,1,0,1
1,62,173601,13,0,0,40,0,1,1,0,1,0,1,0,0,1,0,1
1,60,239576,14,0,0,10,0,1,1,0,0,1,1,0,0,1,0,1
1,50,92486,10,0,0,40,1,0,1,0,0,1,1,0,0,1,0,1
1,59,171242,13,0,0,45,0,1,0,1,1,0,0,1,0,1,0,1
1,38,259972,9,0,0,40,0,1,1,0,1,0,1,0,0,1,0,1
1,50,140516,13,0,0,40,1,0,1,0,1,0,1,0,0,1,0,1
1,45,127948,13,0,0,40,1,0,1,0,1,0,1,0,0,1,0,1
1,60,88055,6,0,0,40,0,1,1,0,0,1,1,0,0,1,0,1
1,31,167319,13,0,0,40,0,1,1,0,1,0,1,0,0,1,0,1
1,46,394860,13,0,0,38,1,0,1,0,1,0,1,0,0,1,0,1
1,45,178341,14,0,0,50,0,1,1,0,1,0,1,0,0,1,0,1
1,31,162572,13,0,0,40,0,1,1,0,1,0,1,0,0,1,0,1
1,52,146015,9,0,0,40,0,1,1,0,0,1,1,0,0,1,0,1
1,36,124818,9,0,0,40,0,1,1,0,1,0,1,0,0,1,0,1
1,41,195096,13,0,0,50,1,0,1,0,1,0,1,0,0,1,0,1
1,42,342865,9,0,0,40,0,1,1,0,0,1,1,0,0,1,0,1
1,29,52636,9,0,0,40,0,1,1,0,0,1,1,0,0,1,0,1
1,48,155659,11,0,0,40,0,1,1,0,0,1,1,0,0,1,0,1
1,46,190729,10,0,0,40,1,0,1,0,0,1,1,0,0,1,0,1
1,44,202692,14,0,0,40,1,0,1,0,1,0,1,0,0,1,0,1
1,38,208358,11,0,0,40,0,1,1,0,0,1,1,0,0,1,0,1
1,60,241013,9,0,0,40,0,1,1,0,1,0,1,0,1,0,0,1
1,28,294936,13,0,0,45,0,1,1,0,1,0,1,0,0,1,0,1
1,31,214288,10,0,0,40,0,1,1,0,0,1,1,0,0,1,0,1
1,34,245378,13,0,0,45,0,1,1,0,1,0,1,0,0,1,0,1
1,44,192976,9,0,0,40,0,1,1,0,0,1,1,0,1,0,0,1
1,38,227154,13,0,0,40,1,0,1,0,0,1,1,0,1,0,1,0
1,64,106538,14,0,0,50,1,0,0,1,1,0,0,1,0,1,0,1
1,43,190020,15,0,0,60,1,0,1,0,1,0,1,0,0,1,0,1
1,38,320451,14,0,0,40,0,1,1,0,1,0,1,0,1,0,0,1
1,31,178615,13,0,0,40,0,1,1,0,1,0,1,0,0,1,0,1
1,42,242619,10,0,0,45,0,1,1,0,0,1,1,0,0,1,0,1
1,42,125280,13,3137,0,40,0,1,1,0,1,0,1,0,0,1,0,1
1,36,549174,9,0,0,40,0,1,1,0,0,1,1,0,0,1,0,1
1,41,197176,9,0,0,50,1,0,1,0,1,0,1,0,0,1,0,1
1,36,257250,11,0,0,99,1,0,1,0,0,1,1,0,0,1,0,1
1,32,31740,14,0,0,40,0,1,1,0,1,0,1,0,1,0,1,0
1,32,121058,9,0,0,60,1,0,1,0,0,1,1,0,0,1,0,1
1,52,63004,14,0,0,40,1,0,1,0,1,0,1,0,1,0,1,0
1,64,125684,9,0,0,40,0,1,1,0,0,1,1,0,0,1,0,1
1,31,208881,10,0,0,40,0,1,1,0,0,1,1,0,0,1,0,1
0,52,224198,9,0,0,45,0,1,1,0,1,0,0,1,0,1,0,1
1,41,173316,9,0,0,40,0,1,1,0,1,0,1,0,0,1,0,1
1,39,401832,10,0,0,48,0,1,1,0,1,0,1,0,0,1,0,1
1,36,269722,14,0,0,40,0,1,1,0,0,1,1,0,0,1,0,1
1,31,129775,13,0,0,65,0,1,1,0,0,1,1,0,0,1,0,1
1,46,187505,14,0,0,40,1,0,1,0,1,0,1,0,0,1,0,1
1,47,48195,13,0,0,72,1,0,1,0,1,0,1,0,0,1,0,1
1,48,186203,9,0,0,50,0,1,1,0,0,1,1,0,0,1,0,1
1,39,191161,10,0,0,40,0,1,1,0,0,1,1,0,0,1,0,1
0,41,110556,14,0,0,40,1,0,1,0,1,0,0,1,1,0,0,1
0,42,147251,10,0,0,36,0,1,1,0,1,0,0,1,0,1,0,1
1,35,334291,13,0,0,45,0,1,1,0,1,0,1,0,0,1,0,1
1,46,207076,14,0,0,60,0,1,0,1,1,0,0,1,0,1,0,1
1,52,206359,11,0,0,40,0,1,1,0,0,1,1,0,0,1,0,1
1,59,148526,10,0,0,40,1,0,1,0,0,1,1,0,0,1,0,1
1,45,168191,9,0,0,40,1,0,1,0,0,1,1,0,0,1,0,1
1,37,206951,9,0,0,40,0,1,1,0,0,1,1,0,0,1,0,1
1,53,231196,9,0,0,40,1,0,1,0,1,0,1,0,0,1,0,1
1,41,32185,13,0,0,40,1,0,1,0,0,1,1,0,0,1,0,1
1,56,179594,9,0,0,48,1,0,1,0,1,0,1,0,0,1,0,1
1,37,143058,6,0,0,50,0,1,1,0,0,1,1,0,0,1,0,1
0,35,357619,11,0,0,40,0,1,1,0,1,0,0,1,0,1,1,0
1,46,256014,11,0,0,60,1,0,1,0,1,0,1,0,0,1,0,1
1,48,250733,10,0,0,50,0,1,1,0,0,1,1,0,0,1,0,1
1,40,225165,9,0,0,40,1,0,1,0,1,0,1,0,0,1,0,1
1,56,105363,13,4508,0,40,0,1,1,0,1,0,1,0,0,1,0,1
1,35,45880,13,0,0,40,1,0,1,0,0,1,1,0,0,1,0,1
1,48,67725,13,0,0,45,0,1,1,0,0,1,1,0,0,1,0,1
1,45,337825,9,0,0,45,0,1,1,0,0,1,1,0,0,1,0,1
1,30,195602,10,0,0,45,0,1,1,0,0,1,1,0,0,1,0,1
0,44,202466,10,0,0,60,0,1,1,0,1,0,0,1,0,1,0,1
1,48,320421,9,0,0,50,0,1,1,0,0,1,1,0,0,1,0,1
1,48,213140,9,0,0,80,1,0,1,0,1,0,1,0,0,1,0,1
1,41,173651,12,0,0,99,0,1,1,0,1,0,1,0,0,1,0,1
1,39,280570,13,0,0,45,0,1,1,0,1,0,1,0,0,1,0,1
1,46,37353,10,0,0,45,0,1,1,0,0,1,1,0,0,1,0,1
1,36,35429,10,0,0,60,0,1,1,0,1,0,1,0,0,1,0,1
1,35,342642,14,0,0,40,0,1,0,1,0,1,0,1,0,1,0,1
1,41,167375,13,0,0,52,0,1,0,1,1,0,0,1,0,1,0,1
1,30,75755,11,0,0,40,0,1,1,0,1,0,1,0,0,1,0,1
0,41,343079,13,0,1740,20,1,0,1,0,1,0,0,1,0,1,0,1
1,59,151616,14,0,0,55,0,1,1,0,1,0,1,0,0,1,0,1
0,64,202738,9,0,0,35,1,0,1,0,1,0,0,1,0,1,0,1
1,35,226789,14,0,0,75,1,0,1,0,1,0,1,0,0,1,0,1
1,73,105886,13,1173,0,75,0,1,1,0,1,0,1,0,0,1,0,1
0,36,294672,13,0,0,40,1,0,1,0,1,0,0,1,0,1,0,1
1,54,239256,10,0,0,40,1,0,1,0,1,0,1,0,0,1,0,1
1,33,201988,14,0,0,45,0,1,1,0,1,0,1,0,0,1,0,1
1,34,113838,10,0,0,45,0,1,1,0,0,1,1,0,0,1,0,1
1,35,245372,9,0,0,40,0,1,1,0,0,1,1,0,0,1,0,1
1,35,182189,14,0,0,50,0,1,1,0,1,0,1,0,0,1,0,1
1,33,236379,13,0,0,45,0,1,1,0,0,1,1,0,0,1,0,1
1,54,106728,13,0,0,40,0,1,1,0,0,1,1,0,0,1,0,1
1,54,196328,13,0,0,40,1,0,1,0,0,1,1,0,1,0,1,0
1,37,504871,10,0,0,40,1,0,1,0,0,1,1,0,0,1,0,1
0,62,113234,14,0,0,40,0,1,1,0,1,0,0,1,0,1,0,1
1,35,222450,9,0,0,40,1,0,1,0,0,1,1,0,0,1,1,0
0,28,204734,10,0,0,40,0,1,1,0,0,1,0,1,0,1,0,1
1,61,31577,14,0,0,30,1,0,1,0,1,0,1,0,0,1,0,1
1,67,227113,14,0,2457,40,0,1,1,0,1,0,1,0,0,1,0,1
1,53,98791,10,0,0,40,0,1,1,0,0,1,1,0,0,1,0,1
0,36,82488,13,0,0,40,0,1,1,0,1,0,0,1,1,0,1,0
0,53,161691,14,4865,0,40,0,1,0,1,1,0,0,1,0,1,0,1
1,32,170017,9,0,0,50,0,1,1,0,0,1,1,0,0,1,0,1
1,29,162257,13,0,0,40,0,1,1,0,1,0,1,0,0,1,0,1
0,44,111502,9,0,0,40,0,1,1,0,0,1,0,1,0,1,0,1
1,38,617898,13,0,0,50,0,1,1,0,0,1,1,0,0,1,0,1
1,47,182313,14,0,0,50,1,0,1,0,1,0,1,0,0,1,0,1
0,25,198512,13,0,0,40,0,1,0,1,1,0,0,1,0,1,0,1
1,34,213226,13,0,1485,35,1,0,1,0,1,0,1,0,0,1,0,1
1,39,108140,9,0,0,40,0,1,1,0,0,1,1,0,0,1,0,1
1,48,182715,9,0,0,48,0,1,1,0,0,1,1,0,0,1,0,1
1,70,118902,13,0,0,40,0,1,1,0,1,0,1,0,0,1,1,0
1,48,443377,14,0,0,60,0,1,0,1,1,0,0,1,0,1,0,1
1,29,194940,13,0,0,40,0,1,1,0,1,0,1,0,0,1,0,1
1,58,49884,9,0,0,50,1,0,1,0,0,1,1,0,0,1,0,1
1,36,224886,9,0,0,40,0,1,1,0,1,0,1,0,0,1,0,1
0,51,88528,12,0,0,99,1,0,0,1,1,0,0,1,0,1,0,1
1,44,82601,13,0,0,40,0,1,1,0,0,1,1,0,0,1,0,1
1,53,59840,10,0,0,60,1,0,1,0,1,0,1,0,0,1,0,1
0,33,48214,14,0,0,8,1,0,1,0,1,0,0,1,0,1,0,1
0,59,284834,13,2885,0,30,0,1,1,0,1,0,0,1,0,1,0,1
1,34,191342,13,0,0,38,1,0,1,0,1,0,1,0,1,0,0,1
1,62,138157,9,0,0,40,0,1,1,0,1,0,1,0,0,1,0,1
1,43,388849,12,0,0,60,0,1,1,0,0,1,1,0,0,1,0,1
1,42,37869,10,0,0,40,0,1,1,0,0,1,1,0,0,1,0,1
0,44,264016,13,0,0,40,1,0,1,0,1,0,0,1,1,0,0,1
1,54,138852,9,0,0,40,1,0,1,0,1,0,1,0,0,1,0,1
1,54,182854,9,0,0,45,0,1,1,0,0,1,1,0,0,1,0,1
1,40,170108,14,0,0,40,0,1,1,0,1,0,1,0,0,1,0,1
1,63,188976,13,0,0,40,0,1,1,0,1,0,1,0,0,1,0,1
1,39,286026,13,0,0,52,0,1,1,0,0,1,1,0,0,1,0,1
1,38,103408,14,0,0,40,0,1,1,0,1,0,1,0,1,0,0,1
1,43,152420,10,0,0,50,0,1,1,0,1,0,1,0,1,0,0,1
0,43,153160,10,0,0,40,0,1,1,0,1,0,0,1,0,1,0,1
1,44,387844,8,0,0,40,1,0,1,0,0,1,1,0,0,1,0,1
1,56,222182,9,0,0,45,1,0,1,0,1,0,1,0,1,0,0,1
1,41,242804,9,0,0,40,0,1,1,0,0,1,1,0,0,1,0,1
1,55,141122,13,0,0,50,1,0,1,0,1,0,1,0,0,1,0,1
1,44,190020,13,0,0,50,1,0,1,0,1,0,1,0,0,1,0,1
0,34,213307,9,7443,0,35,0,1,0,1,0,1,0,1,0,1,0,1
1,39,187921,9,0,0,99,0,1,1,0,0,1,1,0,0,1,0,1
1,37,212465,9,0,0,40,0,1,1,0,0,1,1,0,0,1,0,1
0,70,131699,13,0,0,55,1,0,0,1,1,0,0,1,0,1,0,1
1,32,317809,13,4064,0,50,0,1,1,0,1,0,1,0,0,1,0,1
1,45,166863,6,0,0,40,0,1,1,0,1,0,1,0,0,1,0,1
1,32,232475,13,0,0,50,1,0,1,0,1,0,1,0,0,1,0,1
0,25,267594,10,0,0,40,0,1,1,0,1,0,0,1,0,1,0,1
1,54,113649,10,0,0,40,1,0,1,0,1,0,1,0,0,1,0,1
0,44,84141,13,0,0,65,0,1,0,1,0,1,0,1,0,1,0,1
1,50,339547,10,0,0,50,0,1,1,0,0,1,1,0,1,0,0,1
1,57,368797,9,0,0,40,1,0,1,0,1,0,1,0,0,1,0,1
1,44,456236,14,0,0,40,0,1,1,0,1,0,1,0,0,1,0,1
1,64,232787,13,0,0,40,0,1,1,0,1,0,1,0,0,1,0,1
1,35,120301,10,0,0,45,1,0,1,0,1,0,1,0,0,1,0,1
0,39,206253,13,0,0,40,1,0,1,0,1,0,0,1,0,1,0,1
1,55,210318,9,0,0,40,0,1,1,0,0,1,1,0,0,1,0,1
1,54,419712,9,0,0,40,0,1,1,0,0,1,1,0,1,0,0,1
1,33,103860,10,0,0,50,1,0,1,0,0,1,1,0,0,1,0,1
1,28,214702,13,0,0,60,0,1,1,0,1,0,1,0,0,1,0,1
1,48,55720,10,2407,0,40,0,1,1,0,0,1,1,0,0,1,0,1
1,30,262092,13,0,0,55,0,1,1,0,0,1,1,0,0,1,0,1
0,44,199191,9,0,0,30,0,1,1,0,1,0,0,1,0,1,0,1
1,50,172970,9,0,0,40,1,0,1,0,0,1,1,0,0,1,1,0
1,46,35969,13,0,0,51,0,1,1,0,1,0,1,0,0,1,0,1
1,37,31670,13,0,0,40,1,0,1,0,1,0,1,0,0,1,0,1
1,42,262425,10,0,0,50,0,1,1,0,1,0,1,0,0,1,0,1
1,38,177305,13,0,0,38,1,0,1,0,1,0,1,0,0,1,0,1
1,43,193494,6,0,0,40,0,1,1,0,1,0,1,0,0,1,0,1
1,58,218281,13,0,0,40,0,1,1,0,1,0,1,0,0,1,1,0
1,48,30840,10,5013,0,45,1,0,1,0,1,0,1,0,0,1,0,1
1,37,160920,12,0,0,40,0,1,1,0,1,0,1,0,0,1,0,1
1,60,113080,9,0,0,50,0,1,1,0,1,0,1,0,0,1,0,1
1,64,144391,14,0,0,40,1,0,1,0,0,1,1,0,0,1,0,1
1,47,197038,13,0,0,50,1,0,1,0,1,0,1,0,0,1,0,1
1,41,325159,13,0,0,50,0,1,1,0,1,0,1,0,0,1,0,1
1,43,145762,13,0,0,40,0,1,1,0,1,0,1,0,0,1,0,1
1,51,197189,9,0,0,40,0,1,1,0,1,0,1,0,0,1,0,1
0,31,168521,13,0,0,50,0,1,0,1,1,0,0,1,0,1,0,1
1,38,198170,11,0,0,40,0,1,1,0,0,1,1,0,0,1,0,1
0,33,156383,13,0,0,40,0,1,1,0,1,0,0,1,0,1,0,1
1,39,290321,11,0,0,50,1,0,1,0,1,0,1,0,0,1,0,1
1,31,176711,9,0,0,38,0,1,1,0,0,1,1,0,0,1,0,1
1,50,44368,10,0,0,40,0,1,1,0,1,0,1,0,0,1,0,1
1,37,123104,16,0,0,40,0,1,1,0,1,0,1,0,0,1,0,1
1,45,264052,9,0,0,40,1,0,1,0,0,1,1,0,0,1,0,1
0,32,186784,13,5013,0,45,1,0,1,0,1,0,0,1,0,1,0,1
1,47,201127,10,0,0,50,0,1,1,0,0,1,1,0,0,1,0,1
1,50,138022,10,0,0,40,0,1,1,0,1,0,1,0,0,1,0,1
1,37,66686,9,0,0,40,0,1,1,0,0,1,1,0,0,1,0,1
1,44,106900,13,0,0,60,0,1,1,0,1,0,1,0,0,1,0,1
1,48,174829,12,0,0,40,0,1,1,0,1,0,1,0,0,1,0,1
0,30,159303,13,0,0,4,0,1,1,0,1,0,0,1,0,1,0,1
1,90,153602,9,6767,0,40,1,0,1,0,0,1,1,0,0,1,0,1
1,39,189092,13,0,0,45,1,0,1,0,1,0,1,0,0,1,0,1
1,43,299197,10,0,0,40,0,1,1,0,1,0,1,0,0,1,0,1
0,59,205718,10,0,0,24,1,0,1,0,1,0,0,1,0,1,1,0
1,67,249043,10,6767,0,40,0,1,1,0,0,1,1,0,0,1,0,1
1,57,103948,13,0,0,80,1,0,0,1,1,0,0,1,0,1,0,1
1,48,218835,14,0,0,50,1,0,1,0,0,1,1,0,0,1,1,0
1,34,223212,13,0,0,45,0,1,1,0,1,0,1,0,0,1,1,0
1,38,165848,13,0,0,44,0,1,1,0,0,1,1,0,0,1,0,1
1,38,177907,9,0,0,40,1,0,1,0,0,1,1,0,0,1,0,1
1,49,129513,14,0,0,45,0,1,1,0,0,1,1,0,0,1,0,1
0,72,235014,11,0,2465,40,1,0,0,1,0,1,0,1,0,1,0,1
1,41,397280,13,0,0,72,1,0,1,0,1,0,1,0,0,1,0,1
1,36,161141,12,0,0,40,0,1,1,0,1,0,1,0,0,1,0,1
1,61,177189,13,0,0,42,1,0,1,0,1,0,1,0,0,1,0,1
1,35,241998,13,0,0,45,1,0,1,0,0,1,1,0,0,1,0,1
1,46,88564,10,0,0,40,1,0,1,0,0,1,1,0,0,1,0,1
1,54,55139,13,0,0,43,1,0,1,0,0,1,1,0,0,1,0,1
1,46,328669,11,0,0,42,0,1,1,0,0,1,1,0,0,1,0,1
1,43,106900,13,0,0,40,0,1,1,0,1,0,1,0,0,1,0,1
1,44,786418,9,0,0,60,1,0,1,0,0,1,1,0,1,0,0,1
1,36,150601,15,0,0,50,0,1,1,0,1,0,1,0,0,1,0,1
1,59,59469,14,0,0,40,0,1,1,0,0,1,1,0,0,1,1,0
1,67,194456,14,0,0,10,0,1,1,0,0,1,1,0,0,1,0,1
1,37,126569,13,0,0,60,1,0,1,0,0,1,1,0,0,1,0,1
1,43,178417,13,0,0,40,0,1,0,1,1,0,0,1,0,1,0,1
1,33,99309,9,0,0,50,0,1,1,0,1,0,1,0,0,1,0,1
1,53,116211,10,0,0,40,1,0,1,0,1,0,1,0,0,1,0,1
1,56,226985,12,0,0,50,0,1,1,0,0,1,1,0,0,1,0,1
1,25,277444,13,0,0,50,0,1,1,0,0,1,1,0,0,1,0,1
1,60,372838,9,0,0,40,0,1,1,0,0,1,1,0,0,1,0,1
1,45,118081,10,3103,0,42,1,0,1,0,0,1,1,0,0,1,0,1
1,73,191394,15,0,0,40,0,1,1,0,1,0,1,0,0,1,0,1
1,39,175232,10,0,0,50,0,1,1,0,1,0,1,0,0,1,0,1
1,60,38622,10,0,0,40,1,0,1,0,1,0,1,0,0,1,0,1
1,46,83822,14,0,0,40,0,1,1,0,1,0,1,0,0,1,0,1
1,42,147110,13,0,0,40,0,1,1,0,0,1,1,0,0,1,0,1
0,48,130812,9,0,0,40,0,1,1,0,1,0,0,1,0,1,0,1
0,31,196788,9,0,0,40,0,1,1,0,1,0,0,1,0,1,0,1
0,54,149596,13,0,0,45,1,0,1,0,1,0,0,1,0,1,0,1
1,30,44566,13,0,0,80,1,0,1,0,1,0,1,0,0,1,0,1
1,39,153976,10,0,0,40,0,1,1,0,1,0,1,0,0,1,0,1
1,54,105428,9,0,0,40,0,1,1,0,0,1,1,0,0,1,0,1
1,40,326310,10,0,0,44,0,1,1,0,0,1,1,0,0,1,0,1
1,41,144995,14,0,0,55,1,0,1,0,1,0,1,0,0,1,0,1
1,34,87209,14,0,0,60,1,0,1,0,0,1,1,0,0,1,0,1
1,44,347653,11,0,0,50,0,1,1,0,1,0,1,0,0,1,1,0
1,37,212900,9,0,0,40,0,1,1,0,0,1,1,0,0,1,0,1
1,59,349910,12,0,0,40,1,0,1,0,0,1,1,0,0,1,0,1
1,35,236910,13,0,0,60,0,1,1,0,1,0,1,0,0,1,0,1
1,46,164733,14,0,0,41,0,1,1,0,1,0,1,0,0,1,0,1
1,44,247024,13,0,0,50,1,0,1,0,0,1,1,0,0,1,0,1
1,63,214143,13,0,0,40,1,0,1,0,0,1,1,0,0,1,1,0
0,39,157443,14,3464,0,40,1,0,1,0,0,1,0,1,1,0,0,1
1,43,160574,13,0,0,40,1,0,1,0,0,1,1,0,0,1,0,1
0,50,485710,16,0,0,50,0,1,0,1,1,0,0,1,0,1,0,1
1,45,59287,13,0,0,40,0,1,1,0,1,0,1,0,0,1,0,1
1,41,244945,10,0,0,40,0,1,1,0,1,0,1,0,0,1,0,1
1,49,121602,13,0,0,40,0,1,1,0,1,0,1,0,0,1,0,1
0,28,59335,13,0,0,15,0,1,1,0,1,0,0,1,0,1,0,1
1,53,68684,9,0,0,40,0,1,1,0,0,1,1,0,0,1,0,1
0,58,169611,9,0,0,40,0,1,1,0,1,0,0,1,0,1,0,1
1,51,222883,13,0,0,55,1,0,1,0,0,1,1,0,1,0,0,1
1,36,356838,16,0,0,50,0,1,1,0,1,0,1,0,0,1,1,0
1,45,123075,9,0,0,50,0,1,1,0,1,0,1,0,0,1,0,1
1,66,240294,10,0,0,60,1,0,1,0,0,1,1,0,1,0,0,1
1,47,142719,9,0,0,40,0,1,1,0,1,0,1,0,0,1,0,1
1,29,289960,9,0,0,48,0,1,1,0,1,0,1,0,0,1,0,1
1,38,112497,13,0,0,60,1,0,1,0,0,1,1,0,0,1,0,1
1,61,175032,9,0,0,40,0,1,1,0,0,1,1,0,0,1,0,1
0,43,215896,10,0,0,50,1,0,1,0,1,0,0,1,0,1,0,1
1,53,288020,13,0,0,40,0,1,1,0,1,0,1,0,1,0,1,0
1,33,248754,13,0,0,45,0,1,1,0,1,0,1,0,0,1,0,1
1,58,40925,13,0,0,40,1,0,1,0,1,0,1,0,0,1,0,1
1,64,149044,14,0,2057,60,0,1,1,0,1,0,1,0,1,0,1,0
1,62,214288,9,0,0,40,0,1,1,0,1,0,1,0,0,1,0,1
1,58,35723,9,0,0,60,1,0,1,0,0,1,1,0,0,1,0,1
1,42,348059,16,0,0,60,0,1,0,1,1,0,0,1,0,1,0,1
1,36,105021,13,0,0,55,0,1,1,0,1,0,1,0,0,1,0,1
1,62,134768,14,0,0,35,1,0,1,0,0,1,1,0,0,1,0,1
1,59,144092,9,0,0,40,0,1,1,0,0,1,1,0,0,1,0,1
1,49,185385,12,0,0,45,0,1,1,0,0,1,1,0,0,1,0,1
1,39,269722,13,0,0,70,0,1,1,0,1,0,1,0,0,1,0,1
1,30,186932,10,0,0,75,0,1,1,0,0,1,1,0,0,1,0,1
0,36,110964,13,0,1672,38,1,0,1,0,1,0,0,1,0,1,0,1
0,34,255830,12,7443,0,40,0,1,0,1,0,1,0,1,1,0,0,1
1,57,313929,10,0,0,40,1,0,1,0,1,0,1,0,1,0,0,1
1,33,111363,13,0,0,45,0,1,1,0,0,1,1,0,0,1,0,1
1,30,185177,13,0,0,43,0,1,1,0,1,0,1,0,0,1,0,1
1,43,125833,13,0,0,40,0,1,1,0,1,0,1,0,1,0,1,0
1,47,109421,13,0,0,50,1,0,1,0,1,0,1,0,0,1,0,1
1,45,198759,16,0,0,60,0,1,1,0,1,0,1,0,0,1,0,1
1,40,150528,13,0,0,40,0,1,1,0,1,0,1,0,0,1,0,1
1,50,108446,10,0,0,40,0,1,1,0,0,1,1,0,0,1,0,1
1,40,223548,9,0,0,40,0,1,1,0,1,0,1,0,0,1,1,0
1,35,99146,13,0,0,50,1,0,1,0,0,1,1,0,0,1,0,1
1,35,113481,16,0,0,60,0,1,1,0,1,0,1,0,0,1,0,1
1,60,141221,13,0,2163,25,0,1,1,0,1,0,1,0,1,0,1,0
1,51,43705,10,0,0,40,0,1,1,0,0,1,1,0,0,1,0,1
1,51,256466,13,0,0,50,0,1,1,0,1,0,1,0,1,0,1,0
1,43,193494,10,0,0,40,0,1,1,0,1,0,1,0,0,1,0,1
1,39,103110,13,0,0,50,1,0,1,0,1,0,1,0,0,1,0,1
1,49,275845,10,0,0,60,1,0,1,0,1,0,1,0,0,1,0,1
1,46,175262,12,0,0,40,0,1,1,0,1,0,1,0,1,0,1,0
1,43,101563,13,0,0,40,1,0,1,0,1,0,1,0,0,1,0,1
1,46,377622,9,0,0,40,1,0,1,0,0,1,1,0,0,1,0,1
1,40,225432,10,0,0,45,0,1,1,0,1,0,1,0,0,1,0,1
1,37,187748,10,0,0,40,0,1,1,0,0,1,1,0,0,1,0,1
1,40,119225,11,0,0,40,0,1,1,0,1,0,1,0,0,1,0,1
1,59,95967,15,0,0,40,0,1,1,0,1,0,1,0,1,0,0,1
0,52,561489,14,0,0,50,1,0,0,1,1,0,0,1,1,0,0,1
1,38,65390,12,0,0,45,0,1,1,0,0,1,1,0,0,1,0,1
0,28,194472,10,0,0,40,0,1,1,0,1,0,0,1,0,1,0,1
1,36,184655,9,0,0,40,0,1,1,0,1,0,1,0,0,1,0,1
1,50,200960,10,0,0,50,0,1,1,0,0,1,1,0,0,1,0,1
1,45,260953,14,0,0,40,1,0,1,0,1,0,1,0,0,1,0,1
1,36,48160,13,0,0,40,1,0,1,0,1,0,1,0,0,1,0,1
1,39,317434,9,0,0,40,0,1,1,0,0,1,1,0,0,1,0,1
1,38,359001,11,0,0,42,0,1,1,0,1,0,1,0,0,1,0,1
1,48,101299,12,0,0,45,0,1,1,0,1,0,1,0,0,1,0,1
1,55,145574,9,34095,0,60,1,0,0,1,1,0,0,1,0,1,0,1
1,44,162506,14,0,0,35,1,0,1,0,1,0,1,0,0,1,0,1
1,52,138497,13,0,0,60,1,0,1,0,1,0,1,0,0,1,0,1
1,33,276221,16,0,0,40,0,1,1,0,1,0,1,0,0,1,0,1
1,56,175057,13,0,0,40,1,0,1,0,1,0,1,0,0,1,0,1
1,49,193366,9,0,0,40,0,1,1,0,0,1,1,0,0,1,0,1
1,38,78247,10,0,0,40,0,1,1,0,1,0,1,0,0,1,0,1
1,40,190044,12,0,0,40,0,1,1,0,0,1,1,0,0,1,0,1
1,38,175268,13,0,0,50,0,1,1,0,1,0,1,0,0,1,0,1
1,48,173938,9,0,0,60,0,1,1,0,1,0,1,0,0,1,0,1
1,36,317434,9,0,0,50,0,1,1,0,1,0,1,0,0,1,0,1
1,33,95530,14,0,0,50,0,1,1,0,1,0,1,0,0,1,0,1
1,43,184018,12,0,0,50,0,1,1,0,1,0,1,0,0,1,0,1
1,39,370032,14,0,0,45,0,1,1,0,1,0,1,0,0,1,0,1
1,43,306440,15,0,0,66,0,1,0,1,1,0,0,1,0,1,1,0
1,33,132601,10,0,0,45,0,1,1,0,1,0,1,0,0,1,0,1
1,49,199862,9,0,2179,40,1,0,1,0,1,0,1,0,0,1,0,1
1,31,197672,13,0,0,40,0,1,1,0,1,0,1,0,0,1,0,1
1,56,391926,9,0,0,40,1,0,1,0,1,0,1,0,0,1,0,1
1,38,367260,16,0,0,40,0,1,1,0,1,0,1,0,0,1,0,1
1,43,159549,9,0,0,40,0,1,1,0,0,1,1,0,0,1,0,1
0,32,402089,13,0,0,2,0,1,1,0,1,0,0,1,0,1,0,1
1,54,227392,14,0,0,40,0,1,1,0,1,0,1,0,0,1,0,1
1,49,262116,15,0,0,48,0,1,1,0,1,0,1,0,0,1,0,1
1,38,165930,10,0,0,50,0,1,1,0,1,0,1,0,0,1,0,1
1,31,349148,10,0,0,48,1,0,1,0,1,0,1,0,0,1,0,1
1,50,41890,9,0,0,40,0,1,1,0,0,1,1,0,0,1,0,1
1,44,36271,13,0,0,40,0,1,1,0,0,1,1,0,0,1,0,1
1,34,180871,13,0,0,55,1,0,1,0,1,0,1,0,0,1,0,1
1,37,188563,9,0,0,55,1,0,1,0,0,1,1,0,0,1,0,1
1,47,232628,9,0,0,40,0,1,1,0,0,1,1,0,1,0,0,1
0,53,103950,14,0,0,40,0,1,0,1,1,0,0,1,0,1,0,1
1,46,278322,13,0,0,45,1,0,1,0,0,1,1,0,0,1,0,1
1,40,165108,13,0,0,40,1,0,1,0,1,0,1,0,0,1,1,0
1,31,119033,9,0,0,40,0,1,1,0,0,1,1,0,0,1,0,1
1,40,173307,6,0,0,40,0,1,1,0,1,0,1,0,0,1,0,1
1,50,378747,9,0,0,40,0,1,1,0,0,1,1,0,1,0,0,1
1,57,258121,13,0,0,50,1,0,1,0,1,0,1,0,0,1,0,1
1,48,24366,11,0,0,40,1,0,1,0,0,1,1,0,1,0,0,1
1,43,102025,14,0,0,50,0,1,1,0,1,0,1,0,1,0,0,1
1,41,223763,14,0,0,65,1,0,1,0,0,1,1,0,0,1,0,1
1,54,137069,15,0,0,40,0,1,1,0,1,0,1,0,1,0,1,0
1,29,39388,9,0,0,40,0,1,1,0,0,1,1,0,0,1,0,1
1,34,105540,13,0,2051,40,1,0,1,0,1,0,1,0,0,1,0,1
0,33,252257,15,0,0,40,0,1,0,1,1,0,0,1,0,1,0,1
1,49,165953,9,0,1902,40,0,1,1,0,1,0,1,0,0,1,0,1
1,43,115511,10,0,2002,40,1,0,1,0,0,1,1,0,0,1,0,1
1,41,352056,12,0,0,40,1,0,0,1,1,0,0,1,0,1,0,1
1,29,140927,13,0,0,40,0,1,1,0,1,0,1,0,0,1,0,1
1,31,113838,13,0,0,50,0,1,1,0,1,0,1,0,0,1,0,1
1,51,190333,10,0,0,40,1,0,1,0,0,1,1,0,0,1,0,1
1,38,498785,9,0,0,40,0,1,1,0,0,1,1,0,0,1,0,1
1,45,109434,13,0,0,55,0,1,1,0,1,0,1,0,0,1,0,1
1,30,79712,13,0,0,40,0,1,1,0,1,0,1,0,1,0,0,1
1,42,377322,11,0,0,40,0,1,1,0,1,0,1,0,1,0,0,1
1,53,214691,13,0,0,80,0,1,1,0,1,0,1,0,0,1,0,1
1,44,230684,9,0,0,55,1,0,1,0,0,1,1,0,0,1,0,1
